datetime,ac_power,dc_power,PLANT_ID,ambient_temp,module_temp,irradiation,sw_radiation,temp_2m,cloud_cover,irradiation_wm2
2020-05-15 00:00:00,0.0,0.0,4135001.0,25.01269695,22.64308323333333,0.0,0.0,29.5,13,0.0
2020-05-15 01:00:00,0.0,0.0,4135001.0,24.66732843928571,22.41195959404762,0.0,0.0,28.7,8,0.0
2020-05-15 02:00:00,0.0,0.0,4135001.0,24.98683673333333,23.51207183333333,0.0,0.0,28.0,16,0.0
2020-05-15 03:00:00,0.0,0.0,4135001.0,24.954589040476183,24.126433492857142,0.0,0.0,27.5,39,0.0
2020-05-15 04:00:00,0.0,0.0,4135001.0,24.27666985,22.133106,0.0,0.0,27.0,36,0.0
2020-05-15 05:00:00,0.0,0.0,4135001.0,24.27498305,23.02011823452381,0.0002156803103333,0.0,26.4,69,0.21568031033329998
2020-05-15 06:00:00,1238.727678577,12745.4985121575,4135001.0,24.07395065,22.9739853,0.0432431855299999,20.0,26.6,47,43.2431855299999
2020-05-15 07:00:00,4262.353630924999,43481.326785,4135001.0,24.889582025,28.806721364285718,0.1475614228285713,170.0,27.5,62,147.5614228285713
2020-05-15 08:00:00,9110.83610115,92851.747618,4135001.0,26.160301766666667,36.58531696666666,0.3162804106666665,390.0,29.2,6,316.2804106666665
2020-05-15 09:00:00,12302.17366075,125579.29910725,4135001.0,27.64404185119048,42.92346050833333,0.4396227654285715,609.0,31.5,32,439.6227654285715
2020-05-15 10:00:00,14292.24223215,145992.3866065,4135001.0,28.90181376666667,48.36988061666666,0.5150172215,789.0,33.7,66,515.0172215
2020-05-15 11:00:00,16557.2865473,169286.6547595,4135001.0,30.18125093809524,48.84254719285714,0.5618510868928571,910.0,35.8,87,561.8510868928571
2020-05-15 12:00:00,18885.107737825,193173.7083375,4135001.0,31.83794448333333,50.50314281666666,0.6783298891666667,964.0,37.3,94,678.3298891666667
2020-05-15 13:00:00,15327.5660715,156531.74107175,4135001.0,32.58073820119048,47.70216902857143,0.5102064738571428,943.0,38.3,88,510.2064738571428
2020-05-15 14:00:00,19202.96598215,196467.3654795,4135001.0,33.917765453571434,51.74296217738095,0.6594180685952381,853.0,39.1,57,659.4180685952381
2020-05-15 15:00:00,13380.3696428,136588.25,4135001.0,34.19202876666667,45.24501753333333,0.4394019456666665,686.0,39.5,29,439.4019456666665
2020-05-15 16:00:00,9580.4733631,97617.625,4135001.0,34.18140343333333,41.25998796666666,0.3230948608333333,462.0,39.6,52,323.09486083333326
2020-05-15 17:00:00,3357.5050595375,34318.1279765,4135001.0,33.02189040952381,34.64146269404762,0.1165690755904761,253.0,39.0,21,116.5690755904761
2020-05-15 18:00:00,210.13214285875,2176.0544642775,4135001.0,29.18877659404762,28.0389443,0.0083839764531428,63.0,37.4,33,8.3839764531428
2020-05-15 19:00:00,0.0,0.0,4135001.0,26.3398656,24.710708200000003,5.6400666e-05,0.0,36.6,72,0.056400665999999995
2020-05-15 20:00:00,0.0,0.0,4135001.0,22.60343674404762,20.428886111904763,0.0,0.0,35.2,66,0.0
2020-05-15 21:00:00,0.0,0.0,4135001.0,22.186489316666663,20.73911748333333,0.0,0.0,34.0,38,0.0
2020-05-15 22:00:00,0.0,0.0,4135001.0,22.13324119047619,20.88250438214285,0.0,0.0,32.9,21,0.0
2020-05-15 23:00:00,0.0,0.0,4135001.0,22.23601830769231,21.241316538461536,0.0,0.0,31.9,26,0.0
2020-05-16 02:00:00,0.0,0.0,4135001.0,21.594316733333333,19.80222738333333,0.0,0.0,30.0,24,0.0
2020-05-16 03:00:00,0.0,0.0,4135001.0,21.707953366666665,20.25878603333333,0.0,0.0,29.4,33,0.0
2020-05-16 04:00:00,0.0,0.0,4135001.0,21.92854975595238,20.762247840476192,0.0,0.0,28.9,11,0.0
2020-05-16 05:00:00,0.0,0.0,4135001.0,21.9089015,20.61456405,3.679236605e-05,0.0,28.5,11,0.03679236605
2020-05-16 06:00:00,1187.89999997275,12243.7946423825,4135001.0,21.977285575,21.018062401190477,0.0396560769613094,18.0,29.0,97,39.656076961309395
2020-05-16 07:00:00,5082.67142855,51823.142857,4135001.0,22.867214584523808,25.23972486785714,0.166228437595238,158.0,30.1,99,166.228437595238
2020-05-16 08:00:00,11535.70089285,117655.1383935,4135001.0,24.810612966666664,34.82467651666667,0.3835834596666667,334.0,31.5,98,383.58345966666667
2020-05-16 09:00:00,13702.236607175,139872.272321,4135001.0,26.480266933333333,39.938825566666665,0.4604658103333333,564.0,33.2,96,460.4658103333333
2020-05-16 10:00:00,17335.01562495,177144.178573,4135001.0,28.15197038809524,47.41450148333333,0.552785017345238,758.0,34.9,91,552.785017345238
2020-05-16 11:00:00,17061.490624949998,174324.15625125,4135001.0,29.51412865,47.71051726666666,0.5584641586666665,868.0,36.4,31,558.4641586666665
2020-05-16 12:00:00,20465.747767475,209359.486607,4135001.0,30.643568545238097,50.86235429761904,0.6954473704761904,930.0,37.7,6,695.4473704761905
2020-05-16 13:00:00,18734.008036,191531.34821575,4135001.0,31.490084383333333,50.48822185,0.6139163518333333,880.0,39.0,24,613.9163518333332
2020-05-16 14:00:00,15922.526785675,162633.84375075,4135001.0,32.0017147202381,47.24071738690476,0.5202818691071428,704.0,39.3,69,520.2818691071428
2020-05-16 15:00:00,11875.821428625,121146.90625025,4135001.0,32.34811151666666,43.64881953333333,0.3836832741666666,577.0,39.2,69,383.6832741666666
2020-05-16 16:00:00,5959.491071425,60720.352679,4135001.0,31.945855309523807,36.14177540119047,0.1863190570595237,350.0,35.8,100,186.31905705952371
2020-05-16 17:00:00,2952.0566964275,30230.60714335,4135001.0,31.40916235,32.052246016666665,0.0932087213833333,213.0,37.1,100,93.2087213833333
2020-05-16 18:00:00,275.2883928625,2849.151785625,4135001.0,29.37973935,26.67844488333333,0.0088461485549766,52.0,36.7,100,8.8461485549766
2020-05-16 19:00:00,0.0,0.0,4135001.0,27.773843579761905,25.173710835714285,0.0,0.0,36.4,100,0.0
2020-05-16 20:00:00,0.0,0.0,4135001.0,26.60975254761905,24.006616385714285,0.0,0.0,34.4,100,0.0
2020-05-16 21:00:00,0.0,0.0,4135001.0,25.508788466666665,22.83895318333333,0.0,0.0,33.7,100,0.0
2020-05-16 22:00:00,0.0,0.0,4135001.0,24.74963269761905,22.099702804761904,0.0,0.0,33.4,100,0.0
2020-05-16 23:00:00,0.0,0.0,4135001.0,24.37039028333333,22.0790273,0.0,0.0,33.2,100,0.0
2020-05-17 00:00:00,0.0,0.0,4135001.0,24.0033637,21.570909944047617,0.0,0.0,31.5,100,0.0
2020-05-17 01:00:00,0.0,0.0,4135001.0,23.773983484375,21.613145309375,0.0,0.0,31.3,100,0.0
2020-05-17 02:00:00,0.0,0.0,4135001.0,23.40926451547619,21.333184027380955,0.0,0.0,30.6,100,0.0
2020-05-17 03:00:00,0.0,0.0,4135001.0,23.106247950000004,21.16272228333333,0.0,0.0,30.2,100,0.0
2020-05-17 04:00:00,0.0,0.0,4135001.0,22.825052916666667,20.96766458333333,0.0,0.0,30.0,99,0.0
2020-05-17 05:00:00,0.0,0.0,4135001.0,22.56940003452381,21.014346436904763,8.33637205e-05,0.0,29.2,85,0.0833637205
2020-05-17 06:00:00,777.219642865,8020.19196425,4135001.0,22.78054205,21.898464,0.0298049556383333,19.0,29.4,100,29.8049556383333
2020-05-17 07:00:00,5937.74821435,60543.3660715,4135001.0,23.785956519047616,27.036007041666664,0.2119541748523808,145.0,30.1,100,211.9541748523808
2020-05-17 08:00:00,12564.4558036,128218.37499975,4135001.0,25.97143091666667,39.30826661666667,0.4352599149999999,337.0,31.4,100,435.25991499999986
2020-05-17 09:00:00,17692.66473235,180816.81696525,4135001.0,28.375963504761906,47.53485876190476,0.6042784054880952,530.0,33.0,100,604.2784054880952
2020-05-17 10:00:00,22159.221429125,226837.57142975,4135001.0,30.33595685,51.79666196666666,0.7530183226666667,694.0,34.4,99,753.0183226666667
2020-05-17 11:00:00,25013.164582875,256402.053569,4135001.0,31.88541513452381,60.1113761095238,0.9144147961666668,712.0,35.6,98,914.4147961666667
2020-05-17 12:00:00,20181.87008905,206562.37946475,4135001.0,33.05976041666667,56.0419613,0.7314588040000001,861.0,37.2,100,731.4588040000001
2020-05-17 13:00:00,16702.277678325,170837.45982125,4135001.0,33.680019560714285,50.87901851904762,0.5605612115714285,602.0,37.6,100,560.5612115714284
2020-05-17 14:00:00,15158.1178571,154940.383927,4135001.0,34.24005043333334,48.93140163333333,0.5259670066666666,438.0,38.1,100,525.9670066666666
2020-05-17 15:00:00,15370.11026785,157003.941963,4135001.0,34.98917440952381,49.21295312023809,0.5185228104285714,466.0,38.4,100,518.5228104285713
2020-05-17 16:00:00,10250.1885417,104515.54315525,4135001.0,31.174709830952377,38.86334765595238,0.3352452847619047,232.0,36.4,100,335.24528476190466
2020-05-17 17:00:00,3198.65133921,32734.812500625,4135001.0,27.844508734523806,30.243215540476196,0.103567874745238,110.0,35.0,100,103.567874745238
2020-05-17 18:00:00,238.1571428575,2465.74107145,4135001.0,26.157002700000003,25.36307478333333,0.0087076140506449,42.0,34.6,100,8.707614050644901
2020-05-17 19:00:00,0.0,0.0,4135001.0,25.89215509285714,24.07597265119048,0.0,0.0,33.9,100,0.0
2020-05-17 20:00:00,0.0,0.0,4135001.0,25.4372325,24.01870325,0.0,0.0,34.0,100,0.0
2020-05-17 21:00:00,0.0,0.0,4135001.0,22.672175189285717,21.616323048809523,0.0,0.0,33.9,100,0.0
2020-05-17 22:00:00,0.0,0.0,4135001.0,21.28217118333333,20.5714665,0.0,0.0,33.1,100,0.0
2020-05-17 23:00:00,0.0,0.0,4135001.0,21.22990938809524,20.605397145238094,0.0,0.0,30.5,100,0.0
2020-05-18 00:00:00,0.0,0.0,4135001.0,21.119113166666665,20.534996016666668,0.0,0.0,28.0,100,0.0
2020-05-18 01:00:00,0.0,0.0,4135001.0,21.0178263,20.409069783333333,0.0,0.0,28.4,100,0.0
2020-05-18 02:00:00,0.0,0.0,4135001.0,21.079607952380957,20.26032808333333,0.0,0.0,28.4,100,0.0
2020-05-18 03:00:00,0.0,0.0,4135001.0,21.342248533333333,20.76537223333333,0.0,0.0,28.6,100,0.0
2020-05-18 04:00:00,0.0,0.0,4135001.0,21.161303357142856,20.12031880119048,0.0,0.0,28.6,100,0.0
2020-05-18 05:00:00,0.0,0.0,4135001.0,21.14692245,19.957759616666667,0.0001299914158333,0.0,28.6,98,0.1299914158333
2020-05-18 06:00:00,1253.02946431975,12914.10714305,4135001.0,21.505703271428573,21.206793042857143,0.042866835285238,19.0,28.8,80,42.866835285238
2020-05-18 07:00:00,5165.076785775,52668.316964000005,4135001.0,22.459750416666665,26.47023108333333,0.1671146309999999,138.0,30.1,52,167.1146309999999
2020-05-18 08:00:00,3438.975892875,35185.27232075,4135001.0,23.406023175,26.89941153333333,0.1038600853940475,346.0,31.9,100,103.86008539404749
2020-05-18 09:00:00,3503.555803525,35815.709821,4135001.0,23.757182816666663,27.298904366666665,0.1053797832166666,534.0,34.0,100,105.37978321666661
2020-05-18 10:00:00,6910.933928575,70465.79017825,4135001.0,24.01112490595238,28.96312941547619,0.2095848742666666,735.0,36.0,100,209.58487426666662
2020-05-18 11:00:00,13432.91875005,137114.0401795,4135001.0,25.126056416666664,38.40726119999999,0.4215008801666666,780.0,37.5,100,421.5008801666666
2020-05-18 12:00:00,17865.010267849997,182556.72321425,4135001.0,26.44752098333333,44.38732865,0.577475432,870.0,38.8,100,577.475432
2020-05-18 13:00:00,22601.800892875,231447.5044655,4135001.0,27.34382042023809,47.82486024404762,0.7671310242380952,637.0,32.4,100,767.1310242380952
2020-05-18 14:00:00,14792.533482025,151118.61606975,4135001.0,27.6732732,43.68171495,0.4899583429999999,383.0,32.1,100,489.9583429999999
2020-05-18 15:00:00,16316.691964325,166665.67857125,4135001.0,27.47513278809524,42.91224397857143,0.531226582,322.0,34.8,100,531.2265819999999
2020-05-18 16:00:00,9050.29107145,92227.2142855,4135001.0,27.3956609,36.44824796666666,0.2915399288333333,298.0,35.9,100,291.5399288333333
2020-05-18 17:00:00,3096.951339275,31702.4508924,4135001.0,26.212608055952384,28.593954072619045,0.097198975470238,143.0,35.6,100,97.198975470238
2020-05-18 18:00:00,314.65758928500003,3255.7098214,4135001.0,24.89978798333333,24.19980928333333,0.0116539050678499,43.0,34.3,100,11.6539050678499
2020-05-18 19:00:00,0.0,0.0,4135001.0,24.479608666666664,23.07689513333333,0.0,0.0,32.9,100,0.0
2020-05-18 20:00:00,0.0,0.0,4135001.0,24.11428349166667,22.052794784523805,0.0,0.0,32.6,100,0.0
2020-05-18 21:00:00,0.0,0.0,4135001.0,23.57697143333333,21.43699545,0.0,0.0,31.9,100,0.0
2020-05-18 22:00:00,0.0,0.0,4135001.0,22.91703935238095,20.783325619047616,0.0,0.0,31.7,100,0.0
2020-05-18 23:00:00,0.0,0.0,4135001.0,22.7539302,20.8525065,0.0,0.0,31.0,100,0.0
2020-05-19 00:00:00,0.0,0.0,4135001.0,22.569811802380947,20.528161026190475,0.0,0.0,30.4,100,0.0
2020-05-19 01:00:00,0.0,0.0,4135001.0,22.628986116666667,20.65906688333333,0.0,0.0,29.9,100,0.0
2020-05-19 02:00:00,0.0,0.0,4135001.0,22.84524666309524,20.79563029642857,0.0,0.0,29.5,100,0.0
2020-05-19 03:00:00,0.0,0.0,4135001.0,23.018200716666662,20.81359565,0.0,0.0,29.1,100,0.0
2020-05-19 04:00:00,0.0,0.0,4135001.0,23.190629279761904,20.87247735357143,0.0,0.0,28.7,100,0.0
2020-05-19 05:00:00,0.0,0.0,4135001.0,23.25859425,21.1526632,7.957945421665e-05,0.0,28.0,100,0.07957945421665
2020-05-19 06:00:00,530.88125000625,5473.937499955,4135001.0,23.41022438690476,22.44525894047619,0.0183532974816666,18.0,28.2,100,18.3532974816666
2020-05-19 07:00:00,5957.144196475,60717.258929,4135001.0,24.59851998333333,28.17446443333333,0.1958224254166666,148.0,29.3,100,195.82242541666662
2020-05-19 08:00:00,6887.954910725,70196.040179,4135001.0,25.44372534880952,32.419492394047616,0.2241517360880952,297.0,31.0,100,224.1517360880952
2020-05-19 09:00:00,14587.594642825,148969.14285675,4135001.0,26.864864566666668,42.09147131666666,0.4959170546666666,512.0,33.2,100,495.91705466666656
2020-05-19 10:00:00,15944.082589275,162951.29464325,4135001.0,27.75621028333333,43.61470402619047,0.5493137353452381,721.0,35.4,100,549.3137353452381
2020-05-19 11:00:00,15517.661706166667,158632.928573,4135001.0,28.25326722777778,45.47486493055556,0.5319547189999999,808.0,37.0,100,531.954719
2020-05-19 12:00:00,22905.2583333,234472.6666665,4135001.0,29.79805053333333,50.2430749,0.787080141,813.0,38.3,100,787.080141
2020-05-19 13:00:00,18939.955803625,193630.392862,4135001.0,29.900670966666667,48.4894446,0.6253125728333334,751.0,39.2,100,625.3125728333334
2020-05-19 14:00:00,20651.58035695,211182.11606875,4135001.0,30.17277315595238,49.776135800000006,0.6901497009404761,485.0,38.7,100,690.1497009404761
2020-05-19 15:00:00,13673.59910715,139575.25000025,4135001.0,29.950729866666663,42.92621055,0.4474687416666666,386.0,39.4,100,447.46874166666663
2020-05-19 16:00:00,10035.907142875,102334.9419635,4135001.0,29.67801833452381,39.509916108333336,0.3611488084523809,266.0,39.0,100,361.1488084523809
2020-05-19 17:00:00,2762.6129464225,28242.808035875,4135001.0,28.36381425,31.20082445,0.1105116368666666,128.0,38.1,100,110.51163686666659
2020-05-19 18:00:00,0.4343749999999999,4.5,4135001.0,23.316263140476188,22.243057317857144,0.0004799743462666,53.0,36.7,100,0.4799743462666
2020-05-19 19:00:00,0.0,0.0,4135001.0,22.499559583333333,20.559704566666667,0.0,0.0,35.5,100,0.0
2020-05-19 20:00:00,0.0,0.0,4135001.0,23.130025716666665,20.503182483333333,0.0,0.0,33.5,100,0.0
2020-05-19 21:00:00,0.0,0.0,4135001.0,23.94811077023809,21.387568289285717,0.0,0.0,32.0,100,0.0
2020-05-19 22:00:00,0.0,0.0,4135001.0,23.58156378333333,21.291150949999995,0.0,0.0,31.3,98,0.0
2020-05-19 23:00:00,0.0,0.0,4135001.0,22.89346925357143,20.42818446904762,0.0,0.0,30.4,100,0.0
2020-05-20 00:00:00,0.0,0.0,4135001.0,22.290050266666668,20.111283866666664,0.0,0.0,29.9,100,0.0
2020-05-20 01:00:00,0.0,0.0,4135001.0,22.161183444047616,19.88747781309524,0.0,0.0,29.4,100,0.0
2020-05-20 02:00:00,0.0,0.0,4135001.0,22.01137848333333,19.463808066666665,0.0,0.0,28.7,100,0.0
2020-05-20 03:00:00,0.0,0.0,4135001.0,22.012319247619047,19.45243618690476,0.0,0.0,28.0,100,0.0
2020-05-20 04:00:00,0.0,0.0,4135001.0,22.122256033333333,19.4709178,0.0,0.0,27.4,99,0.0
2020-05-20 05:00:00,0.0,0.0,4135001.0,21.846556798809523,18.907921072619047,3.684209000000001e-06,0.0,27.4,95,0.0036842090000000012
2020-05-20 06:00:00,1177.1825893015,12141.8928571275,4135001.0,21.80262003333333,19.76662095,0.0408867547566666,20.0,27.6,100,40.886754756666605
2020-05-20 07:00:00,6402.7839286,65241.0758935,4135001.0,23.197775357142856,25.18499513452381,0.2300397983809523,158.0,28.5,100,230.03979838095228
2020-05-20 08:00:00,13415.479464375,136932.58928625,4135001.0,25.34270525,36.64516196666667,0.4593356669999999,359.0,30.1,100,459.3356669999999
2020-05-20 09:00:00,18595.89732145,190053.18750025,4135001.0,27.10947146904762,44.00745019523809,0.6307187538452381,555.0,32.2,100,630.7187538452381
2020-05-20 10:00:00,23186.894196525,237273.35714,4135001.0,28.52478485,50.13947648333333,0.7963303183333332,714.0,34.5,99,796.3303183333333
2020-05-20 11:00:00,25946.05267875,266004.2232125,4135001.0,29.78217563333333,54.193612216666665,0.9001110031666666,854.0,36.5,100,900.1110031666666
2020-05-20 12:00:00,27325.8986605,280237.6294625,4135001.0,31.02302868690477,58.387927010714286,0.9690397647261904,915.0,38.2,100,969.0397647261904
2020-05-20 13:00:00,25460.979226,261007.75118,4135001.0,31.45943844242424,56.55488405757576,0.9001322504545453,763.0,39.0,100,900.1322504545452
2020-05-20 17:00:00,3660.5080357,37390.4642855,4135001.0,29.150322616666664,31.4666188,0.1240483231666666,238.0,39.1,98,124.0483231666666
2020-05-20 18:00:00,660.2093750015,6813.3794642525,4135001.0,27.77857989642857,26.925524027380952,0.0228295251312737,63.0,36.8,99,22.8295251312737
2020-05-20 19:00:00,0.0,0.0,4135001.0,26.233910533333333,23.54950665,0.0,0.0,35.5,95,0.0
2020-05-20 20:00:00,0.0,0.0,4135001.0,25.394888816666665,22.467924566666667,0.0,0.0,34.4,93,0.0
2020-05-20 21:00:00,0.0,0.0,4135001.0,24.73416100119048,21.87433841547619,0.0,0.0,34.2,95,0.0
2020-05-20 22:00:00,0.0,0.0,4135001.0,24.19025290595238,21.44324423333333,0.0,0.0,33.1,98,0.0
2020-05-21 07:00:00,7494.9,76297.85,4135001.0,23.530553636363635,30.40324263636364,0.3223960490909091,171.0,28.7,86,322.39604909090906
2020-05-21 08:00:00,12920.261517925,131879.82886875002,4135001.0,24.739467366666663,37.70216006666666,0.4432564266666666,383.0,30.4,86,443.2564266666666
2020-05-21 09:00:00,19776.097767825,202196.5133915,4135001.0,27.047764673809525,48.87091055357144,0.7028915417023809,601.0,32.7,78,702.8915417023809
2020-05-21 10:00:00,17933.296249625,183555.5806545,4135001.0,28.462233,50.964982083333325,0.6937580926666667,783.0,35.4,83,693.7580926666667
2020-05-21 11:00:00,25497.74330315,261345.745528,4135001.0,29.85705540714286,57.81069410833334,0.9209442712142858,905.0,37.4,88,920.9442712142858
2020-05-21 12:00:00,21382.785714625003,218951.116072,4135001.0,30.72383583333333,54.70842348333333,0.776878259,949.0,38.9,85,776.878259
2020-05-21 13:00:00,23835.03464285,244251.835417,4135001.0,31.539038739285715,55.88179280119048,0.8500099465595238,771.0,39.7,69,850.0099465595238
2020-05-21 14:00:00,18067.86830385,184863.9776805,4135001.0,31.86687515,50.3283804,0.6115290695,706.0,40.4,41,611.5290695
2020-05-21 15:00:00,15037.573958425,153595.61458225,4135001.0,32.12127010714286,47.7096035654762,0.5086676949523808,513.0,40.3,57,508.6676949523808
2020-05-21 16:00:00,7633.7669643,77729.41964175,4135001.0,30.945326766666668,37.849356533333335,0.2450269709,337.0,40.1,55,245.0269709
2020-05-21 17:00:00,1519.7816964325,15672.65178565,4135001.0,29.28367758333333,29.507903570238096,0.0472548500916666,174.0,40.1,68,47.2548500916666
2020-05-21 18:00:00,207.67723214,2150.290178575,4135001.0,27.549890116666667,26.0536448,0.0082264502778333,71.0,39.0,10,8.2264502778333
2020-05-21 19:00:00,0.0,0.0,4135001.0,26.273561976190475,24.026944217857142,0.0,0.0,37.5,24,0.0
2020-05-21 20:00:00,0.0,0.0,4135001.0,25.228687,22.96982275,0.0,0.0,36.3,10,0.0
2020-05-21 21:00:00,0.0,0.0,4135001.0,24.483799055952375,22.159342921428568,0.0,0.0,35.4,40,0.0
2020-05-21 22:00:00,0.0,0.0,4135001.0,24.138509666666668,21.587924216666664,0.0,0.0,34.1,38,0.0
2020-05-21 23:00:00,0.0,0.0,4135001.0,23.91243719404762,21.19549476309524,0.0,0.0,33.2,8,0.0
2020-05-22 00:00:00,0.0,0.0,4135001.0,23.62829435,21.21604153333333,0.0,0.0,32.2,3,0.0
2020-05-22 01:00:00,0.0,0.0,4135001.0,23.507252583333333,22.099617711904763,0.0,0.0,30.9,2,0.0
2020-05-22 02:00:00,0.0,0.0,4135001.0,23.42935159880952,22.314399926190475,0.0,0.0,29.9,1,0.0
2020-05-22 03:00:00,0.0,0.0,4135001.0,23.117065416666662,21.4549265,0.0,0.0,29.0,1,0.0
2020-05-22 04:00:00,0.0,0.0,4135001.0,22.972063497619047,21.38420957857143,0.0,0.0,28.4,1,0.0
2020-05-22 05:00:00,0.0,0.0,4135001.0,22.8479095,21.399191316666663,0.0002668267623333,0.0,28.0,31,0.2668267623333
2020-05-22 06:00:00,1534.4258928975,15809.584821225,4135001.0,23.095605360714284,22.636385639285717,0.0519438159054761,22.0,27.9,50,51.9438159054761
2020-05-22 07:00:00,7574.01517855,77194.209822,4135001.0,24.11722005,29.693450783333333,0.2728330159666666,176.0,28.7,25,272.8330159666666
2020-05-22 08:00:00,8745.7433035,89159.94970225,4135001.0,25.20296444761905,34.49204114404762,0.3017450119523809,394.0,30.5,34,301.7450119523809
2020-05-22 09:00:00,12165.643125025,124128.29732175,4135001.0,26.6157024,38.09819853333333,0.3933977091666666,607.0,32.8,0,393.39770916666663
2020-05-22 10:00:00,16376.926339225,167473.47321175,4135001.0,27.921672322619045,43.117950545238095,0.5765076142380952,783.0,35.1,0,576.5076142380951
2020-05-22 11:00:00,22024.643392375,225595.53601,4135001.0,29.524861666666663,51.96473235,0.8021581256666666,905.0,37.2,0,802.1581256666666
2020-05-22 12:00:00,23474.306250125,240477.205358,4135001.0,30.97700109523809,57.60786207380953,0.8808289983690476,960.0,39.0,2,880.8289983690476
2020-05-22 13:00:00,22485.00074445,230033.28423325,4135001.0,31.67726688333333,56.1729512,0.787116728,845.0,39.9,40,787.116728
2020-05-22 14:00:00,21292.280356625,217947.15625175,4135001.0,32.286646835714286,54.683532088095234,0.7392159658571429,661.0,40.2,29,739.2159658571429
2020-05-22 15:00:00,13405.663392925,136862.18749975,4135001.0,32.47474150833334,48.41206835119048,0.4652432358452381,556.0,40.2,43,465.2432358452381
2020-05-22 16:00:00,5463.324553625,55670.5714295,4135001.0,30.5371908,36.172486766666665,0.1776749914999999,403.0,40.4,50,177.67499149999992
2020-05-22 17:00:00,2206.550000045,22655.46875015,4135001.0,29.199906978571427,30.77111201904762,0.0724919405928571,238.0,40.4,82,72.4919405928571
2020-05-22 18:00:00,209.00446428825,2164.2008928725,4135001.0,28.147688216666666,27.059440116666664,0.0083566464857666,74.0,39.4,8,8.3566464857666
2020-05-22 19:00:00,0.0,0.0,4135001.0,27.256123366666664,25.642492216666664,0.0,0.0,38.1,8,0.0
2020-05-22 20:00:00,0.0,0.0,4135001.0,26.699791504761905,24.99967506428571,0.0,0.0,36.8,7,0.0
2020-05-22 21:00:00,0.0,0.0,4135001.0,26.03650515,25.042627433333337,0.0,0.0,35.4,94,0.0
2020-05-22 22:00:00,0.0,0.0,4135001.0,23.57489425357143,22.621067716666666,0.0,0.0,33.9,94,0.0
2020-05-22 23:00:00,0.0,0.0,4135001.0,21.79315135,20.4367803,0.0,0.0,33.9,52,0.0
2020-05-23 00:00:00,0.0,0.0,4135001.0,21.655995233333336,20.53416766904762,0.0,0.0,32.6,76,0.0
2020-05-23 01:00:00,0.0,0.0,4135001.0,21.533191416666668,20.373434383333333,0.0,0.0,31.1,59,0.0
2020-05-23 02:00:00,0.0,0.0,4135001.0,21.81350747619048,20.54169314047619,0.0,0.0,30.0,22,0.0
2020-05-23 03:00:00,0.0,0.0,4135001.0,21.943901016666665,20.74042658333333,0.0,0.0,29.5,62,0.0
2020-05-23 04:00:00,0.0,0.0,4135001.0,22.073265483333333,21.11820960952381,0.0,0.0,28.8,37,0.0
2020-05-23 05:00:00,0.0,0.0,4135001.0,21.910055366666665,21.00390213333333,0.0,0.0,28.8,13,0.0
2020-05-23 06:00:00,1419.49333332,14655.7000001,4135001.0,22.344629916666666,22.08666241666667,0.0454442841666666,22.0,29.2,22,45.4442841666666
2020-05-23 07:00:00,5404.625446525,55093.129464975005,4135001.0,22.96647359642857,26.694234520238098,0.1786167060428571,176.0,30.5,0,178.6167060428571
2020-05-23 08:00:00,14317.512500025,146172.9910715,4135001.0,25.19488993333333,39.68144375,0.4944355264999999,395.0,32.5,7,494.43552649999987
2020-05-23 09:00:00,18474.21607135,188845.16071225,4135001.0,27.368390041666668,46.074149996428574,0.6512008897500001,609.0,34.7,9,651.2008897500001
2020-05-23 10:00:00,19569.261160825,200174.94642825,4135001.0,28.205914766666663,48.53599695,0.6851064511666667,784.0,36.8,43,685.1064511666667
2020-05-23 11:00:00,26037.875892625,266946.08481425,4135001.0,29.71130791547619,57.35751971428572,0.9394699098928572,903.0,38.7,32,939.4699098928571
2020-05-23 12:00:00,25121.8383922,257417.16518275,4135001.0,31.02895253333333,61.49207671666666,0.9243867435,846.0,39.7,40,924.3867435000001
2020-05-23 13:00:00,25208.1526785,258336.611615,4135001.0,32.14111893333333,58.82610426666668,0.9026499993333332,761.0,40.2,37,902.6499993333332
2020-05-23 14:00:00,17793.86473235,181874.62946125,4135001.0,32.77395768095238,53.2906561797619,0.6069630438690476,713.0,40.6,37,606.9630438690476
2020-05-23 15:00:00,16103.974107125,164504.035714,4135001.0,32.92367098333334,47.9977376,0.5139724243333333,595.0,40.7,27,513.9724243333334
2020-05-23 16:00:00,11821.058482225,120579.47321425,4135001.0,32.53408778452381,45.21551344523809,0.4057750891666666,382.0,40.8,25,405.7750891666666
2020-05-23 17:00:00,5242.64999995,53440.52678475,4135001.0,30.469380116666667,34.91620233333333,0.1779255627333333,202.0,40.5,13,177.9255627333333
2020-05-23 18:00:00,1021.16919644725,10505.616071415,4135001.0,28.780811283333332,29.0618039202381,0.0347994794821023,62.0,39.8,26,34.7994794821023
2020-05-23 19:00:00,0.0,0.0,4135001.0,27.485154666666663,25.809593166666662,0.0,0.0,39.1,22,0.0
2020-05-23 20:00:00,0.0,0.0,4135001.0,26.647221166666668,24.925855791666667,0.0,0.0,38.2,23,0.0
2020-05-23 21:00:00,0.0,0.0,4135001.0,26.12653675555556,23.9688158,0.0,0.0,36.6,14,0.0
2020-05-23 22:00:00,0.0,0.0,4135001.0,25.5640054,23.31633143333333,0.0,0.0,35.6,9,0.0
2020-05-23 23:00:00,0.0,0.0,4135001.0,24.94009587380953,22.538089322619047,0.0,0.0,33.2,10,0.0
2020-05-24 00:00:00,0.0,0.0,4135001.0,24.45264805833333,21.83904987619048,0.0,0.0,32.1,65,0.0
2020-05-24 01:00:00,0.0,0.0,4135001.0,24.30246935,22.17072536071429,0.0,0.0,31.7,100,0.0
2020-05-24 02:00:00,0.0,0.0,4135001.0,24.41916505,22.345417716666667,0.0,0.0,31.4,98,0.0
2020-05-24 03:00:00,0.0,0.0,4135001.0,23.98014059047619,21.35209923214286,0.0,0.0,31.3,98,0.0
2020-05-24 04:00:00,0.0,0.0,4135001.0,23.8138509,21.240207416666667,0.0,0.0,30.5,72,0.0
2020-05-24 05:00:00,0.0,0.0,4135001.0,23.419822979761907,20.33128835833333,0.0001549800506666,0.0,30.6,24,0.1549800506666
2020-05-24 06:00:00,1304.501785728,13442.8973214525,4135001.0,23.54794005,21.6826737,0.0443313685683333,22.0,30.5,2,44.3313685683333
2020-05-24 07:00:00,6160.5107142,62765.47321425,4135001.0,25.14631604404762,29.491129690476185,0.2370869135833333,173.0,30.9,6,237.0869135833333
2020-05-24 08:00:00,11964.18437495,122069.767857,4135001.0,26.496342466666665,37.10426285,0.4083468753333333,387.0,32.3,6,408.3468753333333
2020-05-24 09:00:00,15553.22142865,158875.5,4135001.0,27.571660245238093,42.08941777857143,0.5164013111666667,600.0,34.3,11,516.4013111666667
2020-05-24 10:00:00,19757.70089295,202236.102677,4135001.0,28.8105489,46.63701471666667,0.6915071745,776.0,36.4,0,691.5071745
2020-05-24 11:00:00,24207.755803725,248070.4999985,4135001.0,30.448671817857143,56.750689767857146,0.8648312350833333,893.0,38.2,9,864.8312350833332
2020-05-24 12:00:00,25845.58482125,264963.24108,4135001.0,31.738319266666664,60.107316333333344,0.958445879,887.0,39.3,14,958.445879
2020-05-24 13:00:00,24292.331249825,248994.7187485,4135001.0,32.94483433928571,60.45155063928571,0.8748722549404762,840.0,40.0,39,874.8722549404762
2020-05-24 14:00:00,20013.441517975,204776.3392795,4135001.0,33.60884705,56.511063083333326,0.7526318096666667,653.0,40.0,56,752.6318096666666
2020-05-24 15:00:00,11661.825,119056.46428575,4135001.0,33.40508370119048,48.11556207738094,0.4036103930833333,413.0,39.9,49,403.6103930833333
2020-05-24 16:00:00,8487.37455355,86548.04910775,4135001.0,32.883561150000006,40.08480376666667,0.2807443914999999,340.0,39.8,88,280.7443914999999
2020-05-24 17:00:00,5102.262499949999,52047.343749675,4135001.0,32.16733534166667,36.56946771190476,0.1800426250107142,126.0,39.7,86,180.0426250107142
2020-05-24 18:00:00,603.7580357100001,6242.07589285,4135001.0,29.9501348,28.740227266666665,0.0212878470783333,61.0,39.0,45,21.2878470783333
2020-05-24 19:00:00,0.0,0.0,4135001.0,28.246910939285712,26.278824442857143,0.0,0.0,38.3,32,0.0
2020-05-24 20:00:00,0.0,0.0,4135001.0,27.08461708333333,25.64338745,0.0,0.0,38.0,23,0.0
2020-05-24 21:00:00,0.0,0.0,4135001.0,25.790709704761905,23.78835332857143,0.0,0.0,36.9,23,0.0
2020-05-24 22:00:00,0.0,0.0,4135001.0,24.66484481666667,23.21441288333333,0.0,0.0,33.3,19,0.0
2020-05-24 23:00:00,0.0,0.0,4135001.0,24.108015670238093,22.946120139285718,0.0,0.0,31.9,10,0.0
2020-05-25 00:00:00,0.0,0.0,4135001.0,23.67953598333333,22.61647295,0.0,0.0,31.2,2,0.0
2020-05-25 01:00:00,0.0,0.0,4135001.0,23.793860658333337,22.63073419523809,0.0,0.0,30.5,2,0.0
2020-05-25 02:00:00,0.0,0.0,4135001.0,23.673393216666664,22.51474503333333,0.0,0.0,30.1,1,0.0
2020-05-25 03:00:00,0.0,0.0,4135001.0,23.54819785238095,22.266695639285714,0.0,0.0,29.9,1,0.0
2020-05-25 04:00:00,0.0,0.0,4135001.0,23.433653266666667,22.146270266666665,0.0,0.0,29.8,2,0.0
2020-05-25 05:00:00,0.0,0.0,4135001.0,23.13422843333333,21.219184866666662,0.0004768899455666,0.0,29.3,75,0.47688994556659997
2020-05-25 06:00:00,1232.5553571225,12699.15178545,4135001.0,23.18727401043956,21.829703397985348,0.0453106667570512,22.0,30.0,42,45.3106667570512
2020-05-25 07:00:00,5681.523660675,57915.049107,4135001.0,24.136750783333333,26.885045816666665,0.2091141298333332,168.0,31.1,39,209.11412983333318
2020-05-25 08:00:00,12655.096875025,129168.553572,4135001.0,25.43542060952381,37.58152262738095,0.4371036139642857,383.0,32.5,51,437.1036139642857
2020-05-25 09:00:00,19789.4129465,202310.96874775,4135001.0,27.852421016666668,48.59190018333334,0.6916181106666667,599.0,34.4,30,691.6181106666667
2020-05-25 10:00:00,23527.5549109,240899.696445,4135001.0,29.32791857142857,54.91318447857143,0.847770457404762,772.0,36.3,48,847.7704574047619
2020-05-25 11:00:00,26121.4129465,267855.2187375,4135001.0,30.99183553333333,59.55268804999999,0.937201793,873.0,37.8,5,937.201793
2020-05-25 12:00:00,26869.81517925,275571.2321375,4135001.0,32.07275245833333,59.16123945,0.9656088658214286,909.0,39.0,7,965.6088658214286
2020-05-25 13:00:00,25356.0965775,259910.805055,4135001.0,33.239346947619055,60.15347582142858,0.9008903854404762,874.0,39.8,38,900.8903854404762
2020-05-25 14:00:00,22260.9071423,227790.63392475,4135001.0,33.67912736190476,57.40919477380952,0.7910178290357142,725.0,39.9,44,791.0178290357142
2020-05-25 15:00:00,19038.2294644,194605.223216,4135001.0,34.38076933333333,53.31247406666666,0.6416658786666667,493.0,39.7,55,641.6658786666667
2020-05-25 16:00:00,8237.63303565,84115.2187505,4135001.0,33.8930327202381,42.99851833690476,0.2697621424880952,302.0,39.8,63,269.7621424880952
2020-05-25 17:00:00,1756.8915178525,18102.263393325,4135001.0,32.05434566666667,32.11992231666667,0.0575928573833333,174.0,38.3,47,57.5928573833333
2020-05-25 18:00:00,366.91071429125,3797.26339298,4135001.0,28.304531366666662,26.886455283333333,0.0132077758237666,52.0,37.8,38,13.2077758237666
2020-05-25 19:00:00,0.0,0.0,4135001.0,26.57933547142857,24.09390822261905,0.0,0.0,37.4,32,0.0
2020-05-25 20:00:00,0.0,0.0,4135001.0,26.23258713333333,23.692628983333336,0.0,0.0,36.7,38,0.0
2020-05-25 21:00:00,0.0,0.0,4135001.0,25.446367851190477,24.726612794047615,0.0,0.0,36.2,29,0.0
2020-05-25 22:00:00,0.0,0.0,4135001.0,22.493630466666666,21.51248118333333,0.0,0.0,32.7,34,0.0
2020-05-25 23:00:00,0.0,0.0,4135001.0,22.473452433333332,20.000045323809523,0.0,0.0,32.3,53,0.0
2020-05-26 00:00:00,0.0,0.0,4135001.0,22.25628103333333,19.90234938333333,0.0,0.0,31.5,72,0.0
2020-05-26 01:00:00,0.0,0.0,4135001.0,22.22241465,19.679908892857146,0.0,0.0,30.8,76,0.0
2020-05-26 02:00:00,0.0,0.0,4135001.0,21.800504066666665,19.28382668333333,0.0,0.0,30.4,73,0.0
2020-05-26 03:00:00,0.0,0.0,4135001.0,21.364649516666667,19.117106083333333,0.0,0.0,29.9,52,0.0
2020-05-26 04:00:00,0.0,0.0,4135001.0,21.312706444047617,19.006534258333332,0.0,0.0,29.6,9,0.0
2020-05-26 05:00:00,0.0,0.0,4135001.0,22.070155316666664,19.539565016666664,0.00020635903135,0.0,28.8,8,0.20635903135
2020-05-26 06:00:00,1324.3334821815,13645.008928525,4135001.0,22.783858596428573,21.118755901190475,0.0437032939678571,22.0,29.1,1,43.7032939678571
2020-05-26 07:00:00,6427.474107125,65477.084821,4135001.0,24.2054341,27.84069116666667,0.2439782858333333,172.0,30.0,1,243.9782858333333
2020-05-26 08:00:00,13564.181250025,138459.0982145,4135001.0,26.271270117857146,39.95716410952381,0.4789968870119048,385.0,32.0,43,478.9968870119048
2020-05-26 09:00:00,19556.60892865,199921.44196475,4135001.0,27.801093966666667,49.62990628333333,0.6919608188333333,568.0,34.2,12,691.9608188333333
2020-05-26 10:00:00,23340.60580445,239061.10714725,4135001.0,29.53407568690476,56.54191942857143,0.8427738709166666,762.0,36.1,10,842.7738709166665
2020-05-26 11:00:00,21834.221874725,223633.370532,4135001.0,30.40919703333333,55.491460716666666,0.778270831,885.0,37.8,7,778.270831
2020-05-26 12:00:00,23205.121427525,237794.357139,4135001.0,31.46684990119047,56.57650733333333,0.8239350104880954,908.0,39.1,16,823.9350104880954
2020-05-26 13:00:00,21401.853571375003,219226.4151815,4135001.0,32.67045833333333,57.48449853333333,0.7622425405,816.0,40.0,30,762.2425404999999
2020-05-26 14:00:00,12641.716071325,129100.59821475,4135001.0,32.70317200595238,49.08159946309524,0.4275105675,718.0,40.1,48,427.5105675
2020-05-26 15:00:00,13133.687946475,134056.13392875,4135001.0,32.6998913,44.82740781666666,0.427828956,491.0,39.2,45,427.828956
2020-05-26 16:00:00,12265.25178565,125153.61160775,4135001.0,33.224596244047625,44.473493015476194,0.4101572826071428,293.0,36.4,45,410.1572826071428
2020-05-26 17:00:00,3434.757142845,35152.491071175,4135001.0,31.72510988333333,35.14305228333333,0.1150590935999999,187.0,36.3,29,115.0590935999999
2020-05-26 18:00:00,241.129017855,2495.51339285,4135001.0,28.967409116666666,27.80243660357143,0.0160233978167856,62.0,36.6,39,16.0233978167856
2020-05-26 19:00:00,0.0,0.0,4135001.0,27.47797595,25.4549042,0.0,0.0,36.8,31,0.0
2020-05-26 20:00:00,0.0,0.0,4135001.0,26.13484347261905,23.28577411190476,0.0,0.0,36.5,29,0.0
2020-05-26 21:00:00,0.0,0.0,4135001.0,26.575712683333336,25.1851711,0.0,0.0,34.9,20,0.0
2020-05-26 22:00:00,0.0,0.0,4135001.0,25.930998569047617,23.940487891666667,0.0,0.0,34.3,18,0.0
2020-05-26 23:00:00,0.0,0.0,4135001.0,24.0982615,22.991171283333333,0.0,0.0,33.9,13,0.0
2020-05-27 00:00:00,0.0,0.0,4135001.0,23.3974126,21.77005198333333,0.0,0.0,32.8,49,0.0
2020-05-27 01:00:00,0.0,0.0,4135001.0,23.560330661904764,22.10600355833333,0.0,0.0,32.4,63,0.0
2020-05-27 02:00:00,0.0,0.0,4135001.0,23.543554166666667,21.594501816666664,0.0,0.0,32.0,64,0.0
2020-05-27 03:00:00,0.0,0.0,4135001.0,24.049561879761903,21.850401072619047,0.0,0.0,31.6,37,0.0
2020-05-27 04:00:00,0.0,0.0,4135001.0,23.56782323333333,21.50969335,0.0,0.0,31.5,19,0.0
2020-05-27 05:00:00,0.0,0.0,4135001.0,23.443279973809524,21.55644231428571,0.0002101342995833,0.0,31.0,5,0.21013429958330002
2020-05-27 06:00:00,1531.3783036125,15736.5053569,4135001.0,23.43435313333333,22.373884033333333,0.0528227298966666,22.0,30.9,4,52.8227298966666
2020-05-27 07:00:00,6052.281220275,61663.9851185,4135001.0,25.02574100238095,28.334441775,0.2180529917928571,170.0,31.5,1,218.05299179285709
2020-05-27 08:00:00,12545.611458375,128013.546131,4135001.0,26.89609325,39.139409416666666,0.4510691605,384.0,32.8,0,451.0691605
2020-05-27 09:00:00,17945.839821524998,183446.8860115,4135001.0,28.43463116071429,48.02500499880953,0.6405595882261905,594.0,34.5,0,640.5595882261905
2020-05-27 10:00:00,16245.633928475,166038.12559525,4135001.0,29.26446335357143,47.43523615039682,0.5742018994642857,767.0,36.3,3,574.2018994642857
2020-05-27 11:00:00,21970.96324455,225038.9940485,4135001.0,30.83439678333333,55.76013176666666,0.7790673806666666,877.0,37.9,3,779.0673806666666
2020-05-27 12:00:00,18676.310714025,191100.004465,4135001.0,32.10466298452381,56.908168005952376,0.7092874103809523,906.0,39.3,15,709.2874103809523
2020-05-27 13:00:00,12322.686309525,125779.4389875,4135001.0,32.43146921666666,46.49787123333333,0.4178840558333332,805.0,40.3,38,417.8840558333332
2020-05-27 14:00:00,12308.6465774,125656.81398875,4135001.0,32.59225887619048,45.443716183333336,0.4015431301071428,649.0,40.2,38,401.5431301071428
2020-05-27 15:00:00,12875.821874925,131440.67857,4135001.0,32.44795675,45.466436816666665,0.4216070968333333,541.0,39.9,34,421.6070968333333
2020-05-27 16:00:00,10559.175000025,107729.0133935,4135001.0,31.952802416666664,42.38717346666667,0.3573314593333333,388.0,40.1,38,357.3314593333333
2020-05-27 17:00:00,3200.1374999225,32744.7723217,4135001.0,30.329792817857143,32.77524199761904,0.1025679821928571,206.0,39.8,33,102.56798219285709
2020-05-27 18:00:00,192.477976195,1993.01190475,4135001.0,28.609951233333334,27.283312483333333,0.0081641546787166,64.0,39.5,40,8.1641546787166
2020-05-27 19:00:00,0.0,0.0,4135001.0,25.774399152380948,24.552107155952378,2.2388488500000003e-05,1.0,38.5,34,0.0223884885
2020-05-27 20:00:00,0.0,0.0,4135001.0,22.932962016666664,21.31111145,0.0,0.0,37.4,30,0.0
2020-05-27 21:00:00,0.0,0.0,4135001.0,23.142256983333333,20.944196340476196,0.0,0.0,33.9,36,0.0
2020-05-27 22:00:00,0.0,0.0,4135001.0,22.9103566,20.81064908333333,0.0,0.0,32.0,16,0.0
2020-05-27 23:00:00,0.0,0.0,4135001.0,23.37074884047619,22.25171458690476,0.0,0.0,32.1,8,0.0
2020-05-28 00:00:00,0.0,0.0,4135001.0,23.19194895,21.79885555,0.0,0.0,31.9,74,0.0
2020-05-28 01:00:00,0.0,0.0,4135001.0,22.68630551309524,20.50579456309524,0.0,0.0,31.6,80,0.0
2020-05-28 02:00:00,0.0,0.0,4135001.0,22.488680483333333,20.582993516666665,0.0,0.0,30.9,85,0.0
2020-05-28 03:00:00,0.0,0.0,4135001.0,22.53689301071428,20.82455493571429,0.0,0.0,30.9,85,0.0
2020-05-28 04:00:00,0.0,0.0,4135001.0,22.55685975,20.30698295,0.0,0.0,30.6,82,0.0
2020-05-28 05:00:00,0.0,0.0,4135001.0,21.908114364285712,19.698901740476188,9.601054955355e-05,0.0,30.1,78,0.09601054955355
2020-05-28 06:00:00,1434.31250002,14769.763392675,4135001.0,21.92193748333333,20.221685366666662,0.0466606740616666,21.0,30.1,87,46.660674061666604
2020-05-28 07:00:00,6635.57410715,67588.19196475,4135001.0,23.865807154761903,29.029136160714287,0.2569155761904761,169.0,30.9,88,256.9155761904761
2020-05-28 08:00:00,13567.5625,138493.165179,4135001.0,26.17351325,40.094587583333336,0.4783072014999999,340.0,32.3,88,478.3072014999999
2020-05-28 09:00:00,19467.4785714,199006.62797725,4135001.0,28.09045187738095,47.17867031428572,0.6823496627857143,520.0,34.2,90,682.3496627857143
2020-05-28 10:00:00,21559.12901775,220704.30356975,4135001.0,29.4413844,52.86690923333333,0.7955459541666666,721.0,36.5,86,795.5459541666667
2020-05-28 11:00:00,26246.42232055,269129.62500125,4135001.0,30.84940593333333,57.15824271666666,0.9349086853333332,885.0,38.6,80,934.9086853333332
2020-05-28 12:00:00,25799.924821875,264488.81041275,4135001.0,32.12130267976191,59.07273769702381,0.9252549583571428,942.0,40.1,18,925.2549583571428
2020-05-28 13:00:00,21679.9477675,222093.93303825,4135001.0,32.98781219761905,55.49942768452381,0.7852678075595237,858.0,41.0,23,785.2678075595237
2020-05-28 14:00:00,16358.20949415,167251.4196435,4135001.0,33.08978283534798,49.67862443415751,0.5528901629587911,738.0,41.4,30,552.8901629587912
2020-05-28 15:00:00,17641.11622025,180285.114582,4135001.0,33.341209398809525,49.676019859523805,0.6084723951785714,541.0,41.7,29,608.4723951785714
2020-05-28 16:00:00,8319.532589275,84814.973214,4135001.0,32.781076955952386,40.46794176904762,0.2835528989761905,382.0,41.1,82,283.55289897619053
2020-05-28 17:00:00,4142.4606547675,42292.388393175,4135001.0,32.15466739285714,35.455530852380946,0.1415586949714285,189.0,41.0,78,141.5586949714285
2020-05-28 18:00:00,428.19336309525,4430.475892862501,4135001.0,29.92789463333333,29.45733794404762,0.016315329101269,64.0,40.2,90,16.315329101269
2020-05-28 19:00:00,0.0,0.0,4135001.0,27.704796766666664,26.4528289,0.0,1.0,39.6,82,0.0
2020-05-28 20:00:00,0.0,0.0,4135001.0,26.810803644047617,25.272813367857143,0.0,0.0,38.9,86,0.0
2020-05-28 21:00:00,0.0,0.0,4135001.0,23.45720641062271,22.29331460989011,0.0,0.0,38.3,78,0.0
2020-05-28 22:00:00,0.0,0.0,4135001.0,21.11161356428571,20.151641272619045,0.0,0.0,37.0,81,0.0
2020-05-29 06:00:00,2151.15583332,22093.5992069,4135001.0,21.008914966666666,21.026031716666665,0.0690345124404761,22.0,29.2,58,69.0345124404761
2020-05-29 07:00:00,4785.124553525,48803.526786,4135001.0,21.93127293333333,26.33282368333333,0.1514269099999999,173.0,30.2,54,151.42690999999988
2020-05-29 08:00:00,9812.829464375,100009.5089285,4135001.0,23.39789618214286,33.85840351071428,0.3214551848095237,389.0,31.8,41,321.4551848095237
2020-05-29 09:00:00,16628.970089325,169914.4598215,4135001.0,25.397425883333334,45.4178661,0.5679020458333334,599.0,33.9,17,567.9020458333333
2020-05-29 10:00:00,23695.1483639,242739.06696975,4135001.0,27.64853515,55.300663633333336,0.8429225341666666,772.0,35.9,12,842.9225341666667
2020-05-29 11:00:00,23900.585268125,244910.41518225,4135001.0,29.19579075238095,56.95102501547619,0.8802125378333333,891.0,37.8,80,880.2125378333333
2020-05-29 12:00:00,24912.453125,255278.9017925,4135001.0,30.17642975,60.04765275,0.8647957854999999,903.0,39.2,52,864.7957855
2020-05-29 13:00:00,23608.236607175,241837.0267745,4135001.0,31.295939158333333,60.91278727738096,0.845985537952381,718.0,39.6,37,845.9855379523809
2020-05-29 14:00:00,17724.811160775,181146.70535875,4135001.0,31.693425566666665,52.09330603333333,0.6152179005,780.0,40.4,23,615.2179005
2020-05-29 15:00:00,15882.94375005,162219.34821475,4135001.0,32.364440694047616,50.30777927619047,0.5346083614404763,631.0,40.7,19,534.6083614404763
2020-05-29 16:00:00,11271.644196375,114942.41517875,4135001.0,31.69114228333333,44.245344,0.3751776478333333,439.0,40.9,18,375.1776478333333
2020-05-29 17:00:00,4135.4892856675,42245.63839255,4135001.0,29.33880534404762,33.465077347619044,0.1357397019416666,239.0,40.6,41,135.7397019416666
2020-05-29 18:00:00,306.054166665,3165.34077385,4135001.0,27.61383406666667,26.880474816666663,0.0116952782114999,62.0,40.0,53,11.6952782114999
2020-05-29 19:00:00,0.0,0.0,4135001.0,26.08499455,23.9461111,0.0,1.0,39.8,66,0.0
2020-05-29 20:00:00,0.0,0.0,4135001.0,25.5755309,24.111533569047616,0.0,0.0,39.0,90,0.0
2020-05-29 21:00:00,0.0,0.0,4135001.0,25.52290545,24.20298665,0.0,0.0,37.4,61,0.0
2020-05-29 22:00:00,0.0,0.0,4135001.0,23.568339184523808,22.43654901428572,0.0,0.0,36.7,43,0.0
2020-05-29 23:00:00,0.0,0.0,4135001.0,21.53329725,20.767105583333333,0.0,0.0,33.2,35,0.0
2020-05-30 00:00:00,0.0,0.0,4135001.0,21.439897183333333,20.64846945,0.0,0.0,31.7,23,0.0
2020-05-30 01:00:00,0.0,0.0,4135001.0,21.29601630833333,20.39627513809524,0.0,0.0,31.1,15,0.0
2020-05-30 02:00:00,0.0,0.0,4135001.0,21.320394366666665,20.566225116666665,0.0,0.0,30.7,32,0.0
2020-05-30 03:00:00,0.0,0.0,4135001.0,21.389394447619047,20.53873051904762,0.0,0.0,30.4,53,0.0
2020-05-30 04:00:00,0.0,0.0,4135001.0,21.39213915,20.47306675,0.0,0.0,30.0,54,0.0
2020-05-30 05:00:00,0.0,0.0,4135001.0,21.251900301190474,20.09265811547619,0.0002635582866964,0.0,29.0,33,0.2635582866964
2020-05-30 06:00:00,1222.040624985,12593.723214425,4135001.0,21.31949308333333,20.67088216666667,0.0412166412566666,20.0,29.1,18,41.216641256666605
2020-05-30 07:00:00,4445.184821425,45354.21875,4135001.0,22.297559616666664,25.08983148333333,0.1420005990166666,159.0,30.2,21,142.0005990166666
2020-05-30 08:00:00,7798.385714275,79375.91964400001,4135001.0,23.444931727380958,32.405807847619045,0.2594129909761904,372.0,32.0,34,259.41299097619043
2020-05-30 09:00:00,10843.975000025,110561.9464285,4135001.0,24.622521916666663,35.2279668,0.3436268764999999,579.0,34.2,36,343.6268764999999
2020-05-30 10:00:00,10595.431696375,108028.69642925,4135001.0,24.88764245,31.512654929761904,0.3168655618809524,748.0,36.2,17,316.8655618809524
2020-05-30 11:00:00,17975.58125015,183769.2008925,4135001.0,25.75579073333333,42.120661383333335,0.5818618121666665,883.0,37.7,6,581.8618121666666
2020-05-30 12:00:00,24941.030802775,255547.584824,4135001.0,27.99384397261905,60.94857968571428,0.9612937132380952,929.0,38.8,24,961.2937132380952
2020-05-30 13:00:00,22955.246875125,235061.999995,4135001.0,29.08103338333333,54.5196696,0.8225208319999999,827.0,39.3,30,822.5208319999999
2020-05-30 14:00:00,23375.386606975,239307.517857,4135001.0,30.09582772023809,53.46025473928572,0.8136779358571429,690.0,39.8,30,813.6779358571429
2020-05-30 15:00:00,18361.28705355,187645.883929,4135001.0,30.72365573333333,48.354659516666665,0.6186222878333333,557.0,39.9,26,618.6222878333333
2020-05-30 16:00:00,11219.797767875,114430.129465,4135001.0,30.917674051190478,41.17952406309524,0.3810252301547618,395.0,39.6,38,381.0252301547618
2020-05-30 17:00:00,4755.8383928675,48512.062501,4135001.0,30.121506716666666,33.593877133333336,0.1686917277333333,223.0,35.1,27,168.6917277333333
2020-05-30 18:00:00,521.6120535705,5389.3392857075,4135001.0,28.32141115,26.549042733333337,0.0176837752199999,59.0,34.4,73,17.683775219999898
2020-05-30 19:00:00,0.0,0.0,4135001.0,26.63507949404762,23.76934195119048,0.0,1.0,34.1,38,0.0
2020-05-30 20:00:00,0.0,0.0,4135001.0,25.23827765,23.3354121,0.0,0.0,33.7,35,0.0
2020-05-30 21:00:00,0.0,0.0,4135001.0,23.70420788690476,21.58626489047619,0.0,0.0,33.1,17,0.0
2020-05-30 22:00:00,0.0,0.0,4135001.0,23.27743681666667,21.23468588333333,0.0,0.0,32.4,15,0.0
2020-05-30 23:00:00,0.0,0.0,4135001.0,23.261721625,21.30975289761905,0.0,0.0,32.0,12,0.0
2020-05-31 00:00:00,0.0,0.0,4135001.0,23.431380716666663,21.772142483333333,0.0,0.0,31.5,11,0.0
2020-05-31 01:00:00,0.0,0.0,4135001.0,23.643260585714287,22.202290557142856,0.0,0.0,31.0,11,0.0
2020-05-31 02:00:00,0.0,0.0,4135001.0,23.25644888333333,21.4475063,0.0,0.0,30.6,28,0.0
2020-05-31 03:00:00,0.0,0.0,4135001.0,22.811892746428573,21.01503390238095,0.0,0.0,30.3,34,0.0
2020-05-31 04:00:00,0.0,0.0,4135001.0,22.364623,20.756352733333333,0.0,0.0,30.1,29,0.0
2020-05-31 05:00:00,0.0,0.0,4135001.0,22.03239558809524,20.565469147619048,0.0003237539976785,0.0,30.1,6,0.3237539976785
2020-05-31 06:00:00,1286.56294646375,13261.65178549,4135001.0,22.255024816666666,21.75386655,0.0422685925866666,6.0,30.0,81,42.2685925866666
2020-05-31 07:00:00,3645.934821475,37290.30803625,4135001.0,22.9230814,24.47139335,0.1142940397166666,104.0,30.7,77,114.2940397166666
2020-05-31 08:00:00,9469.008482075,96534.93303525,4135001.0,24.12895488452381,31.152774017857148,0.3103530583928571,214.0,30.5,72,310.3530583928571
2020-05-31 09:00:00,14569.51026785,148798.25446425,4135001.0,25.89544733333333,42.324756066666666,0.481262297,302.0,31.0,96,481.262297
2020-05-31 10:00:00,20735.7522326,212297.28571675,4135001.0,27.450291425000003,47.23949252380952,0.7364355854880953,263.0,31.4,100,736.4355854880953
2020-05-31 11:00:00,20510.125000275,209977.477677,4135001.0,28.54016315,48.55766298333333,0.6111365016666666,373.0,32.4,98,611.1365016666665
2020-05-31 12:00:00,20129.71607115,206075.74107125,4135001.0,29.561058302380957,51.63714665595238,0.7024086472023809,416.0,33.2,99,702.408647202381
2020-05-31 13:00:00,14119.450000025,144359.91071425,4135001.0,30.263973466666663,50.67387648333333,0.5152410561833333,628.0,34.3,79,515.2410561833333
2020-05-31 14:00:00,12751.49464285,130455.4151805,4135001.0,30.32167863333333,46.48818968333333,0.4501184893333333,752.0,36.0,74,450.11848933333334
2020-05-31 15:00:00,5693.608035775,58006.54910725,4135001.0,27.55880271071429,31.797078135714287,0.1739340094309523,645.0,36.4,79,173.9340094309523
2020-05-31 16:00:00,4728.608035725,48207.36160775,4135001.0,27.78012088333333,32.202238066666666,0.1453450151166666,407.0,35.1,90,145.3450151166666
2020-05-31 17:00:00,3335.9723214,34114.7321425,4135001.0,28.025526807142857,30.392372797619046,0.1059259527785713,182.0,36.0,97,105.9259527785713
2020-05-31 18:00:00,509.0508928535,5258.50446431,4135001.0,27.0164485,26.382060733333333,0.0173175284044999,63.0,35.3,94,17.3175284044999
2020-05-31 19:00:00,0.0,0.0,4135001.0,25.682224060714283,23.658965822619045,0.0,1.0,34.3,94,0.0
2020-05-31 20:00:00,0.0,0.0,4135001.0,24.8379374,22.272830183333333,0.0,0.0,33.9,88,0.0
2020-05-31 21:00:00,0.0,0.0,4135001.0,24.232111375,22.05393967023809,0.0,0.0,33.4,39,0.0
2020-05-31 22:00:00,0.0,0.0,4135001.0,23.76321355,21.650489816666664,0.0,0.0,33.0,57,0.0
2020-05-31 23:00:00,0.0,0.0,4135001.0,23.566329366666665,21.389177933333333,0.0,0.0,32.2,83,0.0
2020-06-01 00:00:00,0.0,0.0,4135001.0,22.984830366666664,20.318536004761903,0.0,0.0,30.7,94,0.0
2020-06-01 01:00:00,0.0,0.0,4135001.0,22.402358516666663,20.1491374,0.0,0.0,28.5,98,0.0
2020-06-01 02:00:00,0.0,0.0,4135001.0,21.9681661,20.016897077380957,0.0,0.0,28.2,100,0.0
2020-06-01 03:00:00,0.0,0.0,4135001.0,21.61236728333333,19.589257216666667,0.0,0.0,28.1,99,0.0
2020-06-01 04:00:00,0.0,0.0,4135001.0,21.450485383333334,19.756565020238096,0.0,0.0,27.8,99,0.0
2020-06-01 05:00:00,0.0,0.0,4135001.0,21.266458083333333,19.484783416666662,3.654130565e-05,0.0,26.3,99,0.03654130565
2020-06-01 06:00:00,1626.0625000205,16703.3214286625,4135001.0,21.744154307142857,21.155460257142856,0.0547979956238095,12.0,26.7,99,54.7979956238095
2020-06-01 07:00:00,7743.6352678,78906.473214,4135001.0,23.563298083333333,27.238455183333333,0.2786148728333332,134.0,27.7,98,278.6148728333332
2020-06-01 08:00:00,13150.122321475,134205.5535715,4135001.0,25.508490966666667,38.459726933333336,0.4616985471666666,325.0,29.0,96,461.6985471666666
2020-06-01 09:00:00,14251.8558036,145525.55357125,4135001.0,26.95265453452381,43.46012772619048,0.4820683589285713,523.0,30.5,93,482.0683589285713
2020-06-01 10:00:00,21428.87276745,219397.42857075,4135001.0,28.69236753333333,52.2718185,0.7905447196666667,733.0,32.6,98,790.5447196666668
2020-06-01 11:00:00,20818.55535625,213190.357146,4135001.0,29.727355910714287,55.17149921904761,0.7429766296190475,845.0,33.9,80,742.9766296190476
2020-06-01 12:00:00,12748.7294643,130133.955357,4135001.0,29.500049866666668,46.198145616666665,0.4600924206666666,827.0,34.8,86,460.0924206666666
2020-06-01 13:00:00,17466.475893225,178636.15118875,4135001.0,28.72519416062271,42.48186363956044,0.5849628438763735,842.0,35.7,42,584.9628438763735
2020-06-01 14:00:00,7646.552678525,77979.44196475,4135001.0,27.03158118333333,33.09719545,0.2352925498333333,761.0,36.2,19,235.2925498333333
2020-06-01 15:00:00,4363.589732075,44546.04017775,4135001.0,26.699546175,30.1194295,0.1295021397130952,591.0,36.5,66,129.5021397130952
2020-06-01 16:00:00,3763.094196475,38416.78125075,4135001.0,26.6928172,29.12152405,0.1140604543166666,408.0,36.0,83,114.06045431666661
2020-06-01 17:00:00,1968.433928605,20271.16071435,4135001.0,25.831221066666664,26.855030783333333,0.0618648663666666,211.0,33.8,82,61.8648663666666
2020-06-01 18:00:00,446.8950892875,4621.29017855,4135001.0,25.282939439285716,24.450792613095235,0.0157981494954737,65.0,32.4,98,15.798149495473702
2020-06-01 19:00:00,0.0,0.0,4135001.0,24.5138815,22.595769766666667,0.0,1.0,30.3,98,0.0
2020-06-01 20:00:00,0.0,0.0,4135001.0,23.856714479761905,21.55836550714286,0.0,0.0,28.8,100,0.0
2020-06-01 21:00:00,0.0,0.0,4135001.0,23.464801,21.038550816666667,0.0,0.0,27.6,100,0.0
2020-06-01 22:00:00,0.0,0.0,4135001.0,22.970588082142857,20.370118630952376,0.0,0.0,27.4,100,0.0
2020-06-01 23:00:00,0.0,0.0,4135001.0,22.2660253,20.106944866666662,0.0,0.0,27.0,100,0.0
2020-06-02 00:00:00,0.0,0.0,4135001.0,22.528203366666663,20.202085383333333,0.0,0.0,25.6,100,0.0
2020-06-02 01:00:00,0.0,0.0,4135001.0,21.91399434404762,20.039730632142856,0.0,0.0,25.4,100,0.0
2020-06-02 02:00:00,0.0,0.0,4135001.0,21.589045716666668,19.6532836,0.0,0.0,25.2,100,0.0
2020-06-02 03:00:00,0.0,0.0,4135001.0,21.306182786904763,19.64173472380952,0.0,0.0,25.2,100,0.0
2020-06-02 04:00:00,0.0,0.0,4135001.0,21.4971415,19.96193943333333,0.0,0.0,25.2,100,0.0
2020-06-02 05:00:00,0.0,0.0,4135001.0,21.683181952380952,20.17802011309524,1.9480226825e-05,0.0,25.3,100,0.019480226825
2020-06-02 06:00:00,943.308482146,9741.58035716,4135001.0,21.9490306,21.57059075,0.0320924908249999,16.0,25.8,100,32.092490824999906
2020-06-02 07:00:00,4245.05848215,43334.142857,4135001.0,23.107134245238097,25.21412415357143,0.1336466647619047,129.0,26.9,98,133.6466647619047
2020-06-02 08:00:00,15104.83660715,154268.13839325,4135001.0,25.130929483333333,41.071773316666665,0.5237007351666667,340.0,28.5,96,523.7007351666667
2020-06-02 09:00:00,18801.330357175,192279.04464575,4135001.0,26.693789716666668,46.8221156,0.6472665915,531.0,29.7,98,647.2665915
2020-06-02 10:00:00,17603.222321425,179900.20089275,4135001.0,27.368866341666667,45.2529863702381,0.5826241637023809,639.0,30.9,97,582.6241637023809
2020-06-02 11:00:00,15477.872767875,158101.8169645,4135001.0,27.5636642,42.76973325,0.5013793961666666,845.0,32.4,96,501.3793961666666
2020-06-02 12:00:00,20288.8071423,207536.22768125,4135001.0,27.71823013809524,44.20994412619048,0.6776177424285714,906.0,33.3,66,677.6177424285714
2020-06-02 13:00:00,25382.695536175,260093.0892825,4135001.0,27.834461,48.0804741,0.8504542575,858.0,34.1,47,850.4542575
2020-06-02 14:00:00,17136.671874975,175189.33035775,4135001.0,27.184618510714287,41.95883473452381,0.5611298656904762,775.0,34.6,65,561.1298656904762
2020-06-02 15:00:00,13213.721874975,134887.1651785,4135001.0,26.59697525,37.748958216666665,0.4122924611666666,468.0,29.4,89,412.2924611666666
2020-06-02 16:00:00,10513.118749975,107219.23214275,4135001.0,26.347669091666667,35.557502414285715,0.3321054202499999,347.0,30.4,91,332.1054202499999
2020-06-02 17:00:00,3151.72767861,32250.544642475,4135001.0,25.281263249999995,27.36232605,0.1026417189166666,157.0,30.5,95,102.64171891666659
2020-06-02 18:00:00,304.52083333275,3152.206845235,4135001.0,24.56919361785714,23.74849149761905,0.0139413557733094,74.0,30.1,68,13.9413557733094
2020-06-02 19:00:00,0.0,0.0,4135001.0,24.2131485,22.17606356666667,0.0,1.0,29.4,66,0.0
2020-06-02 20:00:00,0.0,0.0,4135001.0,23.62470751666666,20.995983622619043,0.0,0.0,28.7,79,0.0
2020-06-02 21:00:00,0.0,0.0,4135001.0,23.079214,20.37944848333333,0.0,0.0,28.3,88,0.0
2020-06-02 22:00:00,0.0,0.0,4135001.0,23.093489583333334,20.9638403,0.0,0.0,28.1,86,0.0
2020-06-02 23:00:00,0.0,0.0,4135001.0,23.123945164285715,21.195636552380957,0.0,0.0,27.8,91,0.0
2020-06-03 00:00:00,0.0,0.0,4135001.0,22.85077665,20.6167821,0.0,0.0,27.5,91,0.0
2020-06-03 01:00:00,0.0,0.0,4135001.0,22.831480598809524,21.478441560714288,0.0,0.0,27.5,88,0.0
2020-06-03 02:00:00,0.0,0.0,4135001.0,22.61596733333333,21.17724508333333,0.0,0.0,26.9,92,0.0
2020-06-03 03:00:00,0.0,0.0,4135001.0,22.439410432142857,20.76521159523809,0.0,0.0,26.3,92,0.0
2020-06-03 04:00:00,0.0,0.0,4135001.0,22.340443383333334,20.830812566666665,0.0,0.0,26.1,88,0.0
2020-06-03 05:00:00,0.0,0.0,4135001.0,22.11730435833333,20.948890871428567,4.17164965e-05,0.0,26.4,93,0.0417164965
2020-06-03 06:00:00,1016.53080357325,10490.696428555,4135001.0,21.953793366666662,21.335348516666667,0.0338185507416666,19.0,27.2,99,33.8185507416666
2020-06-03 07:00:00,5256.778571475,53602.00892775,4135001.0,23.07957758333333,27.48246155,0.1719930231666666,112.0,28.0,99,171.9930231666666
2020-06-03 08:00:00,9943.351339325,101328.107143,4135001.0,24.923908964285715,33.83705548214286,0.3200839641071428,292.0,29.0,98,320.0839641071428
2020-06-03 09:00:00,13076.4705357,133456.22321375,4135001.0,25.899281816666665,36.72769868333333,0.4172927669999999,502.0,30.0,96,417.2927669999999
2020-06-03 10:00:00,16980.487946575,173542.0625005,4135001.0,26.56526970833333,39.5705625297619,0.5521217240833334,737.0,31.5,86,552.1217240833333
2020-06-03 11:00:00,23031.450893375,235762.85714475,4135001.0,28.122532133333333,48.67207953333333,0.8002929516666666,861.0,32.8,88,800.2929516666666
2020-06-03 12:00:00,23224.566965,237770.46875125,4135001.0,28.47572488571429,49.95710241547619,0.7716695621071429,827.0,34.0,78,771.6695621071428
2020-06-03 13:00:00,21237.59702355,217258.4196395,4135001.0,28.59350100833333,49.010610891666666,0.7192448333333333,696.0,34.6,99,719.2448333333333
2020-06-03 14:00:00,16377.019196550002,167535.5133945,4135001.0,28.316502817460314,47.690869815873015,0.7069825720952382,473.0,33.2,64,706.9825720952382
2020-06-03 15:00:00,19062.454017775,195032.138395,4135001.0,28.5670726,47.0080409,0.646814382,542.0,34.1,64,646.8143819999999
2020-06-03 16:00:00,8594.765625,87633.70089275,4135001.0,26.978599591666665,34.23532392380952,0.273762104345238,354.0,33.2,97,273.762104345238
2020-06-03 17:00:00,6224.529464175001,63524.57142875,4135001.0,26.42165583333333,31.89054815,0.2217487387666666,208.0,33.0,100,221.7487387666666
2020-06-03 18:00:00,601.0982142865,6211.049107145001,4135001.0,25.085260533333333,24.184896366666667,0.0228059634342499,60.0,30.8,87,22.805963434249897
2020-06-03 19:00:00,0.0,0.0,4135001.0,24.131776848809523,21.645084016666665,0.0,1.0,30.0,86,0.0
2020-06-03 20:00:00,0.0,0.0,4135001.0,23.6723486,21.31022795,0.0,0.0,29.6,90,0.0
2020-06-03 21:00:00,0.0,0.0,4135001.0,23.40822141190476,20.900538526190477,0.0,0.0,29.3,89,0.0
2020-06-03 22:00:00,0.0,0.0,4135001.0,23.29039965,21.26498268333333,0.0,0.0,28.6,89,0.0
2020-06-03 23:00:00,0.0,0.0,4135001.0,23.295533875,21.83589478928571,0.0,0.0,28.2,88,0.0
2020-06-04 00:00:00,0.0,0.0,4135001.0,23.231469716666663,21.85238645,0.0,0.0,27.6,87,0.0
2020-06-04 01:00:00,0.0,0.0,4135001.0,22.940034534523807,20.832421529761906,0.0,0.0,27.1,90,0.0
2020-06-04 02:00:00,0.0,0.0,4135001.0,22.937562516666667,21.21924848333333,0.0,0.0,26.5,94,0.0
2020-06-04 03:00:00,0.0,0.0,4135001.0,22.204723166666668,19.6024134,0.0,0.0,26.0,94,0.0
2020-06-04 04:00:00,0.0,0.0,4135001.0,21.809643576190474,19.32744831547619,0.0,0.0,25.8,90,0.0
2020-06-04 05:00:00,0.0,0.0,4135001.0,22.2581395,20.129351866666667,0.00010663811675,0.0,26.0,88,0.10663811675
2020-06-04 06:00:00,1278.90223213925,13175.620535665,4135001.0,22.431216054761904,20.97505185833333,0.0440358102633333,19.0,26.3,99,44.0358102633333
2020-06-04 07:00:00,5570.7785714500005,56793.99107175,4135001.0,23.5033193,26.53042758333333,0.2037443522666666,54.0,26.4,91,203.7443522666666
2020-06-04 08:00:00,11562.5191964,117944.3348215,4135001.0,25.29721652857143,37.50783156904762,0.3930512096666666,282.0,28.3,95,393.05120966666664
2020-06-04 09:00:00,14879.25669645,151993.93749975,4135001.0,26.80616915,42.16953125,0.4725451148333333,455.0,28.7,93,472.5451148333333
2020-06-04 10:00:00,21361.051339225,218788.63839675,4135001.0,27.872224930952378,47.245024469047614,0.749098090952381,402.0,29.2,94,749.098090952381
2020-06-04 11:00:00,21364.83526785,218699.53124775,4135001.0,28.961748816666667,51.57386715,0.7456370488333333,775.0,32.3,98,745.6370488333332
2020-06-04 12:00:00,21519.1718757,220391.3616105,4135001.0,29.53218403809524,51.94037626190476,0.7650117286904762,770.0,33.0,97,765.0117286904762
2020-06-04 13:00:00,23619.621429275,241942.142847,4135001.0,29.98561805,53.26506921666667,0.8593581025000001,780.0,34.0,100,859.3581025000001
2020-06-04 14:00:00,17518.933482175,179152.0535675,4135001.0,29.24605255,45.20831901666666,0.5764752508333333,723.0,34.3,100,576.4752508333332
2020-06-04 15:00:00,19626.6017855,200771.8883935,4135001.0,28.92544886190476,47.22052300833333,0.6612217138809524,579.0,34.4,100,661.2217138809524
2020-06-04 16:00:00,13083.04017855,133540.549107,4135001.0,28.24327695,40.68523606666667,0.4319029835,420.0,33.8,98,431.9029835
2020-06-04 17:00:00,6913.1727679,70400.517857,4135001.0,27.320749080952385,33.09117673095238,0.2410959366023809,202.0,33.8,98,241.0959366023809
2020-06-04 18:00:00,645.91235119525,6663.2976190625,4135001.0,25.75932925,25.139221266666667,0.0244596279286666,73.0,33.1,100,24.4596279286666
2020-06-04 19:00:00,0.0,0.0,4135001.0,24.637524204761903,21.840617316666663,0.0,1.0,31.9,100,0.0
2020-06-04 20:00:00,0.0,0.0,4135001.0,24.02648058333334,21.31389163333333,0.0,0.0,30.9,97,0.0
2020-06-04 21:00:00,0.0,0.0,4135001.0,23.462045330952375,20.81418126309524,0.0,0.0,30.0,91,0.0
2020-06-04 22:00:00,0.0,0.0,4135001.0,23.07879283333333,20.27977238333333,0.0,0.0,29.4,93,0.0
2020-06-04 23:00:00,0.0,0.0,4135001.0,22.397249322619047,19.55560314285714,0.0,0.0,29.1,95,0.0
2020-06-05 00:00:00,0.0,0.0,4135001.0,22.39559265,19.928119416666664,0.0,0.0,28.6,96,0.0
2020-06-05 01:00:00,0.0,0.0,4135001.0,22.16502695357143,19.480210070238098,0.0,0.0,28.0,90,0.0
2020-06-05 02:00:00,0.0,0.0,4135001.0,21.97895713333333,19.5299256,0.0,0.0,27.5,23,0.0
2020-06-05 03:00:00,0.0,0.0,4135001.0,21.90410951309524,19.62372155595238,0.0,0.0,27.0,73,0.0
2020-06-05 04:00:00,0.0,0.0,4135001.0,21.68642833333333,19.43872178333333,0.0,0.0,26.5,11,0.0
2020-06-05 05:00:00,0.0,0.0,4135001.0,21.584485778571427,19.565233453571427,0.0002120033271428,0.0,26.6,2,0.21200332714279999
2020-06-05 06:00:00,1251.48973217075,12876.0937499225,4135001.0,21.837783266666666,20.352920066666663,0.0414333806349999,21.0,27.1,63,41.4333806349999
2020-06-05 07:00:00,4231.051785725,43194.62053575,4135001.0,22.84730106190476,25.119723141666668,0.1406319852714285,152.0,27.9,68,140.6319852714285
2020-06-05 08:00:00,12103.00535715,123550.7187505,4135001.0,24.485236633333333,34.69560836666667,0.4327397011666666,363.0,29.3,74,432.7397011666666
2020-06-05 09:00:00,17026.040624825,174046.9598255,4135001.0,26.72716825,45.35476793333334,0.5630597573333332,587.0,31.1,72,563.0597573333332
2020-06-05 10:00:00,20072.999107825,205457.51339575,4135001.0,27.71860523690476,48.83224894166667,0.6770821471428571,757.0,32.8,73,677.0821471428571
2020-06-05 11:00:00,23655.979018525,242368.4821455,4135001.0,28.28674625,55.77718448333333,0.8991218703333335,846.0,33.9,79,899.1218703333335
2020-06-05 12:00:00,9908.3946428,100980.31696525,4135001.0,26.24573979523809,35.846553439285714,0.3128115066071428,807.0,34.5,34,312.8115066071428
2020-06-05 13:00:00,21420.004463925,219299.236614,4135001.0,26.30506895,45.04044856666667,0.7189348643333333,793.0,35.3,98,718.9348643333333
2020-06-05 14:00:00,21716.605357525,222368.558038,4135001.0,29.20993514523809,52.47157316190476,0.7509132963333333,659.0,36.0,95,750.9132963333333
2020-06-05 15:00:00,15494.025000075,158394.08035675,4135001.0,29.28798618333333,45.0863526,0.5207533706666667,506.0,35.9,100,520.7533706666667
2020-06-05 16:00:00,13274.6767856,135488.0267865,4135001.0,29.130685427380957,41.64445941904762,0.4470425226071428,380.0,35.4,99,447.04252260714276
2020-06-05 17:00:00,7514.90357145,76561.888393,4135001.0,28.2909881,34.9216233,0.2566156916666666,237.0,35.0,99,256.6156916666666
2020-06-05 18:00:00,974.363541626,10031.9627973925,4135001.0,26.69215889404762,27.17154075,0.0368127000385118,70.0,34.7,99,36.8127000385118
2020-06-05 19:00:00,0.0,0.0,4135001.0,24.90590915,22.389537583333336,0.0,1.0,33.0,98,0.0
2020-06-05 20:00:00,0.0,0.0,4135001.0,24.14407631190476,21.354980260714285,0.0,0.0,32.8,97,0.0
2020-06-05 21:00:00,0.0,0.0,4135001.0,23.5107015,20.58587483333333,0.0,0.0,32.2,96,0.0
2020-06-05 22:00:00,0.0,0.0,4135001.0,23.00879798095238,20.06052105119048,0.0,0.0,31.7,96,0.0
2020-06-05 23:00:00,0.0,0.0,4135001.0,22.54544573333333,19.709701983333336,0.0,0.0,31.0,97,0.0
2020-06-06 00:00:00,0.0,0.0,4135001.0,22.37295531428571,19.63424359642857,0.0,0.0,30.3,97,0.0
2020-06-06 01:00:00,0.0,0.0,4135001.0,22.143518016666665,19.52920833333333,0.0,0.0,29.5,97,0.0
2020-06-06 02:00:00,0.0,0.0,4135001.0,21.87325893333333,19.42582145,0.0,0.0,28.7,96,0.0
2020-06-06 03:00:00,0.0,0.0,4135001.0,21.52900021309524,19.15860366904762,0.0,0.0,28.0,95,0.0
2020-06-06 04:00:00,0.0,0.0,4135001.0,21.29566493333333,18.964003016666663,0.0,0.0,27.4,93,0.0
2020-06-06 05:00:00,0.0,0.0,4135001.0,20.6771564,18.29242399880952,0.000262526357,0.0,27.2,85,0.262526357
2020-06-06 06:00:00,1474.725892855,15165.834821725,4135001.0,21.130987516666668,19.59287003333333,0.0505171043733333,22.0,27.4,92,50.517104373333304
2020-06-06 07:00:00,7763.867410675,79070.6964285,4135001.0,23.242579954761908,28.398200604761904,0.3046097639166666,168.0,28.3,92,304.6097639166666
2020-06-06 08:00:00,12759.0428571,130215.81249975,4135001.0,25.549276266666663,40.33330388333333,0.4566014915,379.0,29.8,87,456.6014915
2020-06-06 09:00:00,13555.2321429,138431.1383935,4135001.0,26.76387909880952,40.62179940357143,0.4765202359404761,579.0,31.7,79,476.5202359404761
2020-06-06 10:00:00,19772.46428585,202466.035715,4135001.0,28.044093316666665,49.55097761666667,0.6890630695,732.0,33.4,55,689.0630695
2020-06-06 11:00:00,18350.3406245,187875.97768425,4135001.0,29.33593665595238,49.92544553214286,0.6319854227499999,814.0,34.8,35,631.9854227499999
2020-06-06 12:00:00,19198.5035715,196551.906247,4135001.0,29.723899816666663,49.31684701666667,0.7225126698333333,856.0,35.6,20,722.5126698333332
2020-06-06 13:00:00,18900.3008931,193528.50446625,4135001.0,28.60822363452381,44.48139603452381,0.644815158,847.0,37.0,31,644.815158
2020-06-06 14:00:00,14231.3772329,145643.06696425,4135001.0,27.339747133333333,42.28642523333333,0.4759223588333333,723.0,37.2,44,475.9223588333333
2020-06-06 15:00:00,8988.941071475001,91580.419643,4135001.0,26.07960898690476,31.382009366666665,0.2722693981071428,557.0,37.1,37,272.26939810714276
2020-06-06 16:00:00,3691.929910775,37787.02232125,4135001.0,25.835363216666668,28.91799015,0.1116237712666666,398.0,37.1,79,111.62377126666661
2020-06-06 17:00:00,1253.97232143,12942.513392825,4135001.0,24.603566916666665,25.13449203333333,0.0381508318499999,217.0,36.9,82,38.1508318499999
2020-06-06 18:00:00,142.43303571925,1475.6964285549998,4135001.0,23.903491442857145,23.231367176190474,0.0068656936464761,75.0,36.3,100,6.8656936464761005
2020-06-06 19:00:00,0.0,0.0,4135001.0,23.05416055,21.832463516666667,0.0,1.0,34.9,68,0.0
2020-06-06 20:00:00,0.0,0.0,4135001.0,22.33755772142857,20.38167793809524,0.0,0.0,34.5,74,0.0
2020-06-06 21:00:00,0.0,0.0,4135001.0,22.20591993333333,20.434828683333333,0.0,0.0,33.8,91,0.0
2020-06-06 22:00:00,0.0,0.0,4135001.0,22.155004283333334,20.229067033333333,0.0,0.0,32.5,98,0.0
2020-06-06 23:00:00,0.0,0.0,4135001.0,22.13166079285714,20.211067936904765,0.0,0.0,31.0,99,0.0
2020-06-07 00:00:00,0.0,0.0,4135001.0,22.172480333333333,20.4849584,0.0,0.0,30.2,100,0.0
2020-06-07 01:00:00,0.0,0.0,4135001.0,22.246113760714287,20.77359950595238,0.0,0.0,29.2,100,0.0
2020-06-07 02:00:00,0.0,0.0,4135001.0,22.066873166666667,20.41552323333333,0.0,0.0,28.4,92,0.0
2020-06-07 03:00:00,0.0,0.0,4135001.0,21.903646795238096,20.21529535952381,0.0,0.0,27.7,90,0.0
2020-06-07 04:00:00,0.0,0.0,4135001.0,21.937317416666662,20.36009113333333,0.0,0.0,27.1,95,0.0
2020-06-07 05:00:00,0.0,0.0,4135001.0,22.10403072142857,20.75908659642857,6.1158156675525e-05,0.0,27.1,94,0.061158156675524995
2020-06-07 06:00:00,1460.5549107,15006.9687499775,4135001.0,22.097016366666665,21.656446816666666,0.0499134762133332,19.0,27.2,98,49.9134762133332
2020-06-07 07:00:00,4404.36919645,44927.2008915,4135001.0,22.537069216666666,26.026079316666667,0.1408685824166666,159.0,28.1,95,140.8685824166666
2020-06-07 08:00:00,8392.256696475,85438.633929,4135001.0,23.161128522619048,30.484799019047617,0.2624469832023809,370.0,29.8,97,262.4469832023809
2020-06-07 09:00:00,16523.571874975,168808.392857,4135001.0,24.37360893333333,40.38200171666666,0.5319708848333333,572.0,31.7,99,531.9708848333333
2020-06-07 10:00:00,19974.54732105,204367.361608,4135001.0,25.578311978571428,43.94060321428572,0.6711461439166666,747.0,33.6,99,671.1461439166666
2020-06-07 11:00:00,25593.988393075,262237.874995,4135001.0,27.54687648333333,55.65297193333333,0.9060520798333332,795.0,34.9,98,906.0520798333332
2020-06-07 12:00:00,24268.216518175,248901.90178575,4135001.0,28.78057265,58.29784398333333,1.01170257725,877.0,36.0,84,1011.7025772499999
2020-06-07 13:00:00,17341.53973185,177710.397318,4135001.0,29.982181766666663,54.78888251666668,0.8305941268333333,863.0,36.9,97,830.5941268333333
2020-06-07 14:00:00,15918.72499987,162822.8214276,4135001.0,30.14626677619048,47.40827010357143,0.5641124195119047,782.0,37.1,97,564.1124195119047
2020-06-07 15:00:00,16338.513839325002,167013.8839285,4135001.0,30.261759416666667,45.48479053333334,0.5349026459999999,653.0,37.3,98,534.9026459999999
2020-06-07 16:00:00,11828.953124925,120714.94196425,4135001.0,29.89853853809524,40.54269408690476,0.3954279477142856,430.0,37.0,99,395.42794771428555
2020-06-07 17:00:00,5443.10267865,55513.66517875,4135001.0,28.36608935,32.9798356,0.1829986781499999,200.0,36.9,99,182.9986781499999
2020-06-07 18:00:00,546.53437500225,5646.99553574,4135001.0,26.166535141666667,25.18450142619048,0.0183955091946666,62.0,35.5,98,18.395509194666598
2020-06-07 19:00:00,0.0,0.0,4135001.0,24.83889968333333,22.56007793333333,0.0,1.0,33.9,98,0.0
2020-06-07 20:00:00,0.0,0.0,4135001.0,24.07084668928572,22.097435150000003,0.0,0.0,33.1,97,0.0
2020-06-07 21:00:00,0.0,0.0,4135001.0,23.6971705,22.110029066666662,0.0,0.0,32.1,97,0.0
2020-06-07 22:00:00,0.0,0.0,4135001.0,23.200513158333333,21.377294566666663,0.0,0.0,31.3,97,0.0
2020-06-07 23:00:00,0.0,0.0,4135001.0,23.2523081,21.9663025,0.0,0.0,30.7,92,0.0
2020-06-08 00:00:00,0.0,0.0,4135001.0,23.1135085,21.86410755357143,0.0,0.0,30.4,95,0.0
2020-06-08 01:00:00,0.0,0.0,4135001.0,22.606850652380952,20.955526729761907,0.0,0.0,29.8,91,0.0
2020-06-08 02:00:00,0.0,0.0,4135001.0,22.44120888333333,21.1601827,0.0,0.0,29.0,88,0.0
2020-06-08 03:00:00,0.0,0.0,4135001.0,22.15589973690476,20.98212627261905,0.0,0.0,28.4,90,0.0
2020-06-08 04:00:00,0.0,0.0,4135001.0,22.009183013095235,20.700276610714283,0.0,0.0,27.8,76,0.0
2020-06-08 05:00:00,0.0,0.0,4135001.0,21.58335928333333,20.21429193333333,0.0002589239468333,0.0,27.4,95,0.2589239468333
2020-06-08 06:00:00,1335.23258927425,13760.17857149,4135001.0,21.622181305952378,21.28217550714286,0.0440625881261904,15.0,27.6,45,44.0625881261904
2020-06-08 07:00:00,5304.911160775,54098.196429,4135001.0,22.593312066666662,26.222001566666663,0.1864755231166666,128.0,28.3,38,186.4755231166666
2020-06-08 08:00:00,10864.101785675,110775.79464325,4135001.0,24.218138339285712,35.08357694642857,0.3629858909047618,337.0,29.9,43,362.9858909047618
2020-06-08 09:00:00,20800.929583025,212857.30595125,4135001.0,26.628920790750914,46.91917336327839,0.7135166228891942,549.0,31.9,62,713.5166228891942
2020-06-08 10:00:00,24631.8142852,252458.55357025,4135001.0,28.18635006547619,52.06436005,0.8618694146666667,596.0,33.2,60,861.8694146666667
2020-06-08 11:00:00,23454.44955325,240268.30357175,4135001.0,28.779726116666662,50.16498105,0.8080811234999999,796.0,35.4,34,808.0811235
2020-06-08 12:00:00,20679.603124825,211581.84374875,4135001.0,29.15430167380952,47.4609097654762,0.7173900709761905,865.0,36.6,81,717.3900709761905
2020-06-08 13:00:00,19683.317857,201499.3348205,4135001.0,29.94881073333333,50.545794666666666,0.7360743284999999,872.0,37.6,85,736.0743284999999
2020-06-08 14:00:00,22100.31339245,226268.5892875,4135001.0,30.673969560714283,52.703012975,0.7593683400714284,767.0,38.2,92,759.3683400714284
2020-06-08 15:00:00,17899.21473195,182963.05803725,4135001.0,30.7856949,47.27726593333333,0.5980849598333333,605.0,38.1,98,598.0849598333333
2020-06-08 16:00:00,10276.65625005,104861.0758925,4135001.0,29.022301683333332,38.10209493333334,0.3401943509333333,401.0,37.7,99,340.1943509333333
2020-06-08 17:00:00,4757.149553575,48557.285714,4135001.0,28.64792483095238,33.119577172619046,0.1711332796809523,209.0,37.1,98,171.13327968095228
2020-06-08 18:00:00,734.1723214225,7579.2455357,4135001.0,27.128252733333333,26.393591266666668,0.0293862618245499,56.0,36.6,99,29.3862618245499
2020-06-08 19:00:00,0.0,0.0,4135001.0,25.50202189523809,23.008134266666666,0.0,1.0,36.0,99,0.0
2020-06-08 20:00:00,0.0,0.0,4135001.0,24.325386566666666,21.1372071,0.0,0.0,34.4,97,0.0
2020-06-08 21:00:00,0.0,0.0,4135001.0,23.514334935714285,20.59146790357143,0.0,0.0,33.8,96,0.0
2020-06-08 22:00:00,0.0,0.0,4135001.0,23.1912215,20.74686283333333,0.0,0.0,33.0,86,0.0
2020-06-08 23:00:00,0.0,0.0,4135001.0,22.757581100000003,20.227443466666667,0.0,0.0,32.4,99,0.0
2020-06-09 00:00:00,0.0,0.0,4135001.0,22.21815481785714,19.386306176190477,0.0,0.0,31.5,98,0.0
2020-06-09 01:00:00,0.0,0.0,4135001.0,21.845899433333333,19.4871241,0.0,0.0,30.4,100,0.0
2020-06-09 02:00:00,0.0,0.0,4135001.0,21.417404016666666,19.188193397619045,0.0,0.0,29.5,95,0.0
2020-06-09 03:00:00,0.0,0.0,4135001.0,21.314007566666668,19.31135761666667,0.0,0.0,28.8,95,0.0
2020-06-09 04:00:00,0.0,0.0,4135001.0,21.30507365833333,19.688138425,0.0,0.0,28.2,96,0.0
2020-06-09 05:00:00,0.0,0.0,4135001.0,21.21301208333333,19.4132019,0.0002456220666666,0.0,28.0,93,0.2456220666666
2020-06-09 06:00:00,1562.6325893475,16069.825892275,4135001.0,21.63425604047619,20.333628392857143,0.0510595843721428,18.0,27.9,92,51.0595843721428
2020-06-09 07:00:00,5485.152678525,55905.65624975,4135001.0,23.2867858,26.704984083333336,0.2188101443333333,150.0,28.4,94,218.81014433333328
2020-06-09 08:00:00,14015.081696425,143080.91517875,4135001.0,25.32653898809524,39.06813579166667,0.5008473409404761,338.0,29.8,97,500.8473409404761
2020-06-09 09:00:00,18931.923214325,193654.2053605,4135001.0,27.49978385,47.00158256666666,0.6641447218333333,439.0,31.2,100,664.1447218333333
2020-06-09 10:00:00,21352.606249375,218745.92857275,4135001.0,28.362417516666667,48.03990076666666,0.7577397655,589.0,33.0,93,757.7397655
2020-06-09 11:00:00,23540.416071525,241195.8705455,4135001.0,29.966948682142856,54.44581669404762,0.8505517691666667,828.0,35.0,100,850.5517691666668
2020-06-09 12:00:00,20290.9602674,207736.41071875,4135001.0,30.39640711666667,51.21747753333333,0.7240576521666666,853.0,36.4,100,724.0576521666666
2020-06-09 13:00:00,21207.922767475,217150.602684,4135001.0,31.08761780952381,54.871484561904765,0.7595741170595238,839.0,37.6,100,759.5741170595238
2020-06-09 14:00:00,15664.21339295,160050.3303575,4135001.0,30.82582395,45.61594095,0.5113312998333334,721.0,38.0,99,511.3312998333334
2020-06-09 15:00:00,17430.4790179,178091.71428625,4135001.0,30.56048666785714,45.45718743690476,0.5725845436071428,646.0,38.2,96,572.5845436071428
2020-06-09 16:00:00,11499.323660675,117290.7410705,4135001.0,29.87070465,40.18490073333333,0.3819170283333333,420.0,37.7,100,381.9170283333333
2020-06-09 17:00:00,5098.8642857,51998.584821,4135001.0,28.407150461904763,32.63908220357143,0.1704151251190475,211.0,37.0,100,170.4151251190475
2020-06-09 18:00:00,729.79508928775,7531.437500030001,4135001.0,26.797197966666666,26.31715188333333,0.0253896157694999,86.0,36.4,100,25.389615769499898
2020-06-09 19:00:00,0.0,0.0,4135001.0,25.348752933333333,23.06225128333333,0.0,1.0,35.9,100,0.0
2020-06-09 20:00:00,0.0,0.0,4135001.0,24.57488457619048,22.17879730595238,0.0,0.0,34.9,100,0.0
2020-06-09 21:00:00,0.0,0.0,4135001.0,23.80950415,21.434218866666665,0.0,0.0,33.3,100,0.0
2020-06-09 22:00:00,0.0,0.0,4135001.0,23.161783222619043,20.728371841666664,0.0,0.0,31.9,95,0.0
2020-06-09 23:00:00,0.0,0.0,4135001.0,22.86705785,20.602625083333333,0.0,0.0,31.3,84,0.0
2020-06-10 00:00:00,0.0,0.0,4135001.0,22.75879456309524,20.860187471428567,0.0,0.0,30.6,80,0.0
2020-06-10 01:00:00,0.0,0.0,4135001.0,22.50895133333333,20.679177866666667,0.0,0.0,30.0,93,0.0
2020-06-10 02:00:00,0.0,0.0,4135001.0,22.356467066666667,20.652160657142858,0.0,0.0,29.4,95,0.0
2020-06-10 03:00:00,0.0,0.0,4135001.0,22.183734066666663,20.131546016666668,0.0,0.0,28.9,96,0.0
2020-06-10 04:00:00,0.0,0.0,4135001.0,21.90007886547619,19.83379872857143,0.0,0.0,28.5,97,0.0
2020-06-10 05:00:00,0.0,0.0,4135001.0,21.864237483333334,19.47839096666667,6.262212005e-05,0.0,28.0,100,0.06262212005
2020-06-10 06:00:00,1458.8169642705,15013.482142685,4135001.0,22.073455464285715,20.550800032142856,0.0490059701880952,6.0,28.4,100,49.005970188095205
2020-06-10 07:00:00,6520.9986607,66422.584821,4135001.0,23.614835616666667,28.175078300000003,0.2551438012499999,61.0,28.6,100,255.1438012499999
2020-06-10 08:00:00,9372.57053575,95532.656251,4135001.0,25.168664566666667,34.65823966666666,0.3069749208333333,183.0,29.2,100,306.9749208333333
2020-06-10 09:00:00,15421.483035675,157507.87499975,4135001.0,26.777984578571427,42.20284340476191,0.5224034428333333,225.0,29.3,100,522.4034428333333
2020-06-10 10:00:00,13166.7258928,134397.9107145,4135001.0,27.34746453333333,39.37138826666666,0.4347563823333333,184.0,29.5,100,434.7563823333333
2020-06-10 11:00:00,16401.389285675,167702.48661025,4135001.0,28.17276197142857,42.79893903690476,0.57247193425,335.0,31.8,100,572.47193425
2020-06-10 12:00:00,25414.3049111,260498.5892805,4135001.0,30.229449916666663,53.94891523333333,0.9085489426666666,406.0,34.0,100,908.5489426666667
2020-06-10 13:00:00,20616.375893175,210985.44196825,4135001.0,31.03364382142857,50.17854783809524,0.6970009455595237,218.0,31.1,100,697.0009455595238
2020-06-10 14:00:00,12594.222767875,128725.861607425,4135001.0,30.1143702,43.11079375,0.4316771927,160.0,31.6,100,431.6771927
2020-06-10 15:00:00,7590.844642825,77326.857143,4135001.0,24.486214266666668,27.86704661666667,0.2215385219999999,193.0,32.0,100,221.53852199999992
2020-06-10 16:00:00,8498.70535715,86599.57142825,4135001.0,26.141634301190475,33.990552408333336,0.2658214083690475,170.0,33.3,100,265.8214083690475
2020-06-10 17:00:00,4067.878571375,41575.2285715,4135001.0,25.93768583690476,29.63778898095238,0.1303745260892856,96.0,33.4,100,130.3745260892856
2020-06-10 18:00:00,360.0562499975,3721.334821425,4135001.0,25.129089883333336,24.85434473333333,0.0122923855007566,21.0,33.1,100,12.2923855007566
2020-06-10 19:00:00,0.0,0.0,4135001.0,24.54995772023809,23.20375764166667,0.0,0.0,30.7,100,0.0
2020-06-10 20:00:00,0.0,0.0,4135001.0,22.99427545,21.79700108333333,0.0,0.0,27.0,100,0.0
2020-06-10 21:00:00,0.0,0.0,4135001.0,22.32739203333333,21.0959442,0.0,0.0,26.7,99,0.0
2020-06-10 22:00:00,0.0,0.0,4135001.0,22.040985173809524,20.644512442857145,0.0,0.0,26.0,100,0.0
2020-06-10 23:00:00,0.0,0.0,4135001.0,22.347103966666666,21.13925985,0.0,0.0,25.5,100,0.0
2020-06-11 00:00:00,0.0,0.0,4135001.0,22.525041579761904,21.602324559523808,0.0,0.0,25.4,100,0.0
2020-06-11 01:00:00,0.0,0.0,4135001.0,22.265796416666667,21.026558399999995,0.0,0.0,25.6,100,0.0
2020-06-11 02:00:00,0.0,0.0,4135001.0,21.931037454761903,20.55646618333333,0.0,0.0,25.7,100,0.0
2020-06-11 03:00:00,0.0,0.0,4135001.0,21.452965316666667,19.779945833333333,0.0,0.0,25.2,100,0.0
2020-06-11 04:00:00,0.0,0.0,4135001.0,21.14273433333333,19.58994848333333,0.0,0.0,24.9,100,0.0
2020-06-11 05:00:00,0.0,0.0,4135001.0,21.783436602380952,20.24134335952381,0.0,0.0,24.9,100,0.0
2020-06-11 06:00:00,554.908482145,5739.5535714,4135001.0,21.869262716666665,21.006458016666667,0.0184017407812166,4.0,25.2,100,18.401740781216603
2020-06-11 07:00:00,2938.8772320775,30115.303571625,4135001.0,22.273554325,24.035769315476188,0.0883573932714285,22.0,25.2,100,88.35739327142849
2020-06-11 08:00:00,6422.15312505,65413.45089375,4135001.0,23.4075262,28.96012168333333,0.1935501178333332,66.0,25.6,100,193.5501178333332
2020-06-11 09:00:00,9281.66696435,94531.3973215,4135001.0,24.411663926190474,32.80928360476191,0.2764825246547618,246.0,26.6,100,276.4825246547618
2020-06-11 10:00:00,12063.0950893,123085.040178,4135001.0,25.266601116666664,35.924667400000004,0.3660450811666667,320.0,27.5,100,366.04508116666665
2020-06-11 11:00:00,16460.245982125,168136.1651785,4135001.0,26.56749265119048,40.45465890119047,0.5188194190357143,317.0,27.9,100,518.8194190357143
2020-06-11 12:00:00,17189.8758929,175645.035714,4135001.0,27.466146833333333,42.31474871666666,0.5472910138333332,392.0,28.5,100,547.2910138333332
2020-06-11 13:00:00,13628.22455355,139105.9821435,4135001.0,27.918365460714284,39.61847077857143,0.4324268295833333,453.0,28.8,100,432.4268295833333
2020-06-11 14:00:00,17578.945982225,179723.120535,4135001.0,28.5833964,43.02808161666666,0.5636008111666666,369.0,28.8,100,563.6008111666666
2020-06-11 15:00:00,14656.357142875,149649.6517855,4135001.0,28.480347441666662,40.42533405476191,0.4715987040833334,324.0,28.9,100,471.59870408333336
2020-06-11 16:00:00,8647.669196425,88071.50000025,4135001.0,27.56247355,34.20432856666667,0.2742958811666666,176.0,28.5,100,274.29588116666656
2020-06-11 17:00:00,3595.7986607225,36768.089286475,4135001.0,26.461340452380952,27.63071820357143,0.1146073834940476,77.0,27.3,100,114.6073834940476
2020-06-11 18:00:00,525.8973214272501,5435.35267859,4135001.0,25.42377875,24.50555833333333,0.0179495107606333,17.0,26.4,100,17.949510760633302
2020-06-11 19:00:00,0.0,0.0,4135001.0,24.488889714285715,22.760087241666668,0.0,0.0,25.8,100,0.0
2020-06-11 20:00:00,0.0,0.0,4135001.0,24.028420516666664,22.70921833333333,0.0,0.0,25.5,100,0.0
2020-06-11 21:00:00,0.0,0.0,4135001.0,23.733483454761902,22.32604291666667,0.0,0.0,25.3,100,0.0
2020-06-11 22:00:00,0.0,0.0,4135001.0,23.529424516666666,22.29703823333333,0.0,0.0,25.1,100,0.0
2020-06-11 23:00:00,0.0,0.0,4135001.0,23.10866839761905,21.318999002380952,0.0,0.0,24.9,100,0.0
2020-06-12 00:00:00,0.0,0.0,4135001.0,22.73296511666667,20.826138816666667,0.0,0.0,24.7,100,0.0
2020-06-12 01:00:00,0.0,0.0,4135001.0,22.5033701,20.597662316666664,0.0,0.0,24.4,99,0.0
2020-06-12 02:00:00,0.0,0.0,4135001.0,22.112153954761908,19.809947642857143,0.0,0.0,24.3,99,0.0
2020-06-12 03:00:00,0.0,0.0,4135001.0,21.935560066666664,20.363659616666663,0.0,0.0,24.4,100,0.0
2020-06-12 04:00:00,0.0,0.0,4135001.0,21.207211536904765,19.839463833333333,0.0,0.0,24.4,99,0.0
2020-06-12 05:00:00,0.0,0.0,4135001.0,20.97530618333333,19.94784795,3.054787016665e-05,0.0,24.4,100,0.030547870166650004
2020-06-12 06:00:00,649.146875005,6706.995535725,4135001.0,21.204113885714285,20.78436993214285,0.0223977499314285,7.0,24.7,100,22.3977499314285
2020-06-12 07:00:00,2262.571428545,23272.78125,4135001.0,21.87899125,23.279086266666667,0.0700061775833332,88.0,25.3,100,70.0061775833332
2020-06-12 08:00:00,6386.948214325,65074.56250025,4135001.0,22.86823837142857,26.416740860714285,0.1963527548261904,162.0,26.1,99,196.35275482619042
2020-06-12 09:00:00,12252.8433036,125028.12499975,4135001.0,24.160982716666663,34.18779911666667,0.3871360715,352.0,27.4,100,387.1360715
2020-06-12 10:00:00,15273.406696525,155981.35714275,4135001.0,25.27437393333333,37.5711939,0.4752335521666666,306.0,27.9,100,475.2335521666666
2020-06-12 11:00:00,18107.11383955,185077.0089295,4135001.0,25.786635447619048,39.33133492738095,0.5655293546190476,392.0,28.7,99,565.5293546190476
2020-06-12 12:00:00,17443.41562515,178261.06249774998,4135001.0,26.994655366666667,43.92880505,0.5645970471666667,457.0,29.5,100,564.5970471666667
2020-06-12 13:00:00,18163.8196428,185620.5848215,4135001.0,27.63316981547619,42.95851310238095,0.5862300068928571,275.0,29.7,100,586.2300068928571
2020-06-12 14:00:00,15329.362946475,156552.6562495,4135001.0,28.428166749999995,42.22785031666667,0.5014357275,576.0,31.2,66,501.4357275
2020-06-12 15:00:00,11339.9178571,115666.4553585,4135001.0,28.014284216666667,37.09369973333334,0.3614980903333332,457.0,31.7,79,361.4980903333332
2020-06-12 16:00:00,5911.611607125,60261.5892865,4135001.0,27.193767227380956,31.725922185714285,0.1871705016785714,359.0,31.1,100,187.1705016785714
2020-06-12 17:00:00,4019.62500005,41039.83482075,4135001.0,26.49310765,29.16198683333333,0.1342744336999999,190.0,28.5,100,134.2744336999999
2020-06-12 18:00:00,682.6406250015,7045.464285742501,4135001.0,25.755933405952376,25.66072101309524,0.0234957491109047,32.0,27.8,98,23.495749110904697
2020-06-12 19:00:00,0.0,0.0,4135001.0,24.2223378,22.77453415,0.0,1.0,27.6,99,0.0
2020-06-12 20:00:00,0.0,0.0,4135001.0,22.96686036904762,21.42827103809524,0.0,0.0,27.2,98,0.0
2020-06-12 21:00:00,0.0,0.0,4135001.0,22.59302066666666,20.9935512,0.0,0.0,26.8,91,0.0
2020-06-12 22:00:00,0.0,0.0,4135001.0,22.58470048333333,21.03625695,0.0,0.0,26.5,92,0.0
2020-06-12 23:00:00,0.0,0.0,4135001.0,22.21718703095238,20.11465347142857,0.0,0.0,26.1,96,0.0
2020-06-13 00:00:00,0.0,0.0,4135001.0,21.701989716666667,19.495899016666662,0.0,0.0,25.7,100,0.0
2020-06-13 01:00:00,0.0,0.0,4135001.0,21.68842464761905,19.62303691309524,0.0,0.0,25.5,100,0.0
2020-06-13 02:00:00,0.0,0.0,4135001.0,21.822737133333334,19.762785333333333,0.0,0.0,25.3,100,0.0
2020-06-13 03:00:00,0.0,0.0,4135001.0,21.78137153333333,19.868782516666663,0.0,0.0,25.3,100,0.0
2020-06-13 04:00:00,0.0,0.0,4135001.0,21.69727224642857,19.722943289285716,0.0,0.0,25.1,100,0.0
2020-06-13 05:00:00,0.0,0.0,4135001.0,21.543674166666666,19.0950724,3.788455441665e-05,0.0,25.0,100,0.03788455441665
2020-06-13 06:00:00,1136.936607131,11725.1651785375,4135001.0,21.27203478333333,19.21184407857143,0.0384122577863095,18.0,25.4,100,38.4122577863095
2020-06-13 07:00:00,6519.605803525,66425.879464,4135001.0,23.1917958,27.83526715,0.2518656206666666,148.0,26.5,100,251.86562066666662
2020-06-13 08:00:00,13890.1857143,141800.8616075,4135001.0,25.419445270238093,38.712062025,0.4791953015357143,362.0,27.9,97,479.19530153571435
2020-06-13 09:00:00,17806.6915181,182030.892858,4135001.0,26.764800016666666,44.02969241666666,0.6189681961666667,551.0,29.4,98,618.9681961666666
2020-06-13 10:00:00,22417.38705315,229636.093743,4135001.0,27.98847389523809,48.33210565,0.7443630204880952,651.0,30.7,99,744.3630204880952
2020-06-13 11:00:00,26293.791964575,269585.35714725003,4135001.0,29.2146815,52.766694483333325,0.9127773248333332,646.0,31.8,100,912.7773248333332
2020-06-13 12:00:00,25740.473660675,263819.03124075,4135001.0,29.62840785,52.8716558,0.9087373986666666,767.0,32.7,99,908.7373986666665
2020-06-13 13:00:00,18726.96205355,191561.28125075,4135001.0,27.835066158333333,43.91590064642857,0.6149967932738095,743.0,33.4,99,614.9967932738095
2020-06-13 14:00:00,22933.938392775,234825.928573,4135001.0,26.7730265,46.32281288333333,0.7757860681666666,742.0,33.9,74,775.7860681666666
2020-06-13 15:00:00,18132.038392225,185373.0312525,4135001.0,27.83805475952381,45.3850103797619,0.6130801912738094,642.0,33.9,74,613.0801912738094
2020-06-13 16:00:00,8396.755803525,85643.6741075,4135001.0,27.133029666666665,35.93918756666666,0.2705743212666666,430.0,33.1,80,270.5743212666666
2020-06-13 17:00:00,3006.7325893425,30778.2812506,4135001.0,25.96131035,28.668762166666664,0.0995929914666666,258.0,32.1,82,99.5929914666666
2020-06-13 18:00:00,506.66383928275,5238.58928574,4135001.0,24.95196490595238,24.57500890952381,0.0189512714778809,83.0,30.5,82,18.9512714778809
2020-06-13 19:00:00,0.0,0.0,4135001.0,23.988856,22.067519150000003,0.0,2.0,29.8,62,0.0
2020-06-13 20:00:00,0.0,0.0,4135001.0,23.662334609523807,22.223281880952378,0.0,0.0,29.0,88,0.0
2020-06-13 21:00:00,0.0,0.0,4135001.0,22.99429991666667,20.87336995,0.0,0.0,28.6,78,0.0
2020-06-13 22:00:00,0.0,0.0,4135001.0,22.49749228452381,20.088200229761902,0.0,0.0,27.8,92,0.0
2020-06-13 23:00:00,0.0,0.0,4135001.0,22.250949666666667,20.15772093333333,0.0,0.0,27.4,87,0.0
2020-06-14 00:00:00,0.0,0.0,4135001.0,22.36448939642857,20.929689051190472,0.0,0.0,26.7,91,0.0
2020-06-14 01:00:00,0.0,0.0,4135001.0,22.522592116666665,20.96172083333333,0.0,0.0,26.4,87,0.0
2020-06-14 02:00:00,0.0,0.0,4135001.0,22.59330848333333,21.34575046666667,0.0,0.0,26.1,62,0.0
2020-06-14 03:00:00,0.0,0.0,4135001.0,22.213901822619047,20.44610273452381,0.0,0.0,25.8,86,0.0
2020-06-14 04:00:00,0.0,0.0,4135001.0,22.24291536666667,20.48833115,0.0,0.0,25.6,85,0.0
2020-06-14 05:00:00,0.0,0.0,4135001.0,22.425866078571428,21.21107796904762,0.0001269734681666,0.0,25.9,74,0.1269734681666
2020-06-14 06:00:00,1127.83482140875,11627.84821405,4135001.0,22.673936016666666,22.5474747,0.0392702121599999,19.0,26.3,93,39.2702121599999
2020-06-14 07:00:00,6836.839285775,69640.93303575,4135001.0,23.539026454761903,27.99460284642857,0.2248918093023809,134.0,27.4,73,224.8918093023809
2020-06-14 08:00:00,9812.787499925,99358.660714,4135001.0,23.92623707261905,30.69432553214286,0.3150319813214285,306.0,28.6,89,315.03198132142853
2020-06-14 09:00:00,16365.01607135,167170.92410725,4135001.0,25.38586885,39.45294201666667,0.5309906034999999,518.0,30.4,95,530.9906034999999
2020-06-14 10:00:00,20554.06383935,210268.85714075,4135001.0,26.335831154761905,41.428593069047615,0.6667824055357143,415.0,30.6,95,666.7824055357144
2020-06-14 11:00:00,17371.242410775,177645.9464305,4135001.0,26.699971583333333,43.935606,0.5948154585,521.0,31.5,99,594.8154585
2020-06-14 12:00:00,14370.6017858,146766.5267855,4135001.0,25.13180071190476,36.79865377857143,0.4847506312857142,618.0,32.9,97,484.75063128571423
2020-06-14 13:00:00,20411.994196475,208910.03571675,4135001.0,26.23947498333333,42.76769806666667,0.7362318888333335,725.0,34.1,95,736.2318888333334
2020-06-14 14:00:00,20642.760714275,211340.34821725,4135001.0,27.688987264285718,52.58246293214286,0.78646324,679.0,32.2,98,786.46324
2020-06-14 15:00:00,16711.580357075,170822.51786025,4135001.0,27.22382458333333,43.08104865,0.5412266708333332,516.0,33.5,94,541.2266708333332
2020-06-14 16:00:00,8099.366071475,82568.29017825,4135001.0,26.579945410714284,34.31413820595238,0.2599797173857143,402.0,31.7,98,259.9797173857143
2020-06-14 17:00:00,2699.0589285475,27629.147321625,4135001.0,25.7598145,28.10756275,0.0874910739666666,182.0,33.4,93,87.49107396666659
2020-06-14 18:00:00,374.17767857275,3873.6116071,4135001.0,25.09665415238095,24.65346915,0.0140026644038333,64.0,31.6,98,14.0026644038333
2020-06-14 19:00:00,0.0,0.0,4135001.0,24.473612483333334,23.04634143333333,0.0,2.0,30.9,99,0.0
2020-06-14 20:00:00,0.0,0.0,4135001.0,23.930111683333333,22.55472108333333,0.0,0.0,30.0,99,0.0
2020-06-14 21:00:00,0.0,0.0,4135001.0,23.85840157023809,22.933454108333333,0.0,0.0,29.3,99,0.0
2020-06-14 22:00:00,0.0,0.0,4135001.0,23.60763445,21.96377408333333,0.0,0.0,28.5,98,0.0
2020-06-14 23:00:00,0.0,0.0,4135001.0,23.39518747857143,21.88143900119048,0.0,0.0,27.8,99,0.0
2020-06-15 00:00:00,0.0,0.0,4135001.0,23.17727401666667,22.4160075,0.0,0.0,27.3,100,0.0
2020-06-15 01:00:00,0.0,0.0,4135001.0,22.683383729761903,21.862138829761907,0.0,0.0,26.8,98,0.0
2020-06-15 02:00:00,0.0,0.0,4135001.0,22.07839958333333,20.950921666666662,0.0,0.0,26.6,98,0.0
2020-06-15 03:00:00,0.0,0.0,4135001.0,22.13947238333333,21.214069185714287,0.0,0.0,26.3,98,0.0
2020-06-15 04:00:00,0.0,0.0,4135001.0,21.752773066666663,20.75748798333333,0.0,0.0,26.2,98,0.0
2020-06-15 05:00:00,0.0,0.0,4135001.0,21.457321683333333,19.974140916666663,0.0001380910588333,0.0,26.1,97,0.1380910588333
2020-06-15 06:00:00,1596.8004464045002,16413.486607135,4135001.0,21.864438232142856,21.86637763928572,0.0534024231047618,20.0,26.6,95,53.4024231047618
2020-06-15 07:00:00,5313.6325893,54186.88839375,4135001.0,23.32752075,27.728564483333336,0.1783761930999999,144.0,27.7,95,178.3761930999999
2020-06-15 08:00:00,15477.93482145,158070.5535705,4135001.0,25.43203509285714,40.25820238809524,0.5269713745357142,334.0,29.0,97,526.9713745357142
2020-06-15 09:00:00,18573.986607125,189894.008929,4135001.0,26.448857116666662,43.63112078333333,0.63095456,520.0,30.7,98,630.95456
2020-06-15 10:00:00,22049.1977683,225788.8750045,4135001.0,27.58554456071429,47.14695884880952,0.7617215733214285,583.0,32.1,99,761.7215733214285
2020-06-15 11:00:00,18917.753125075,193557.24106925,4135001.0,28.4831101,46.80040133333333,0.6443778265,495.0,32.7,100,644.3778265
2020-06-15 12:00:00,15093.7415177,154216.51339425,4135001.0,28.692966716666668,42.4967612,0.5056802166666666,581.0,33.8,99,505.68021666666664
2020-06-15 13:00:00,12361.334821575,126232.147324,4135001.0,28.603203098809523,41.174695952380944,0.407824840797619,689.0,34.4,99,407.824840797619
2020-06-15 14:00:00,14634.194643025,149544.312501,4135001.0,27.346833866666667,38.91272168333333,0.4553930714999999,631.0,34.1,99,455.3930714999999
2020-06-15 15:00:00,13136.47812505,134090.17410675,4135001.0,28.044850154761903,40.24195003452381,0.4267530682023809,521.0,34.0,99,426.7530682023809
2020-06-15 16:00:00,6383.350446475,65021.013393,4135001.0,27.397171016666665,33.26382648333333,0.2007640328333333,328.0,33.5,98,200.7640328333333
2020-06-15 17:00:00,4163.5575893,42535.87053625,4135001.0,26.92583765,31.03985451666667,0.1345007618333333,206.0,33.7,99,134.50076183333329
2020-06-15 18:00:00,419.0035714245,4332.8928570675,4135001.0,26.04268680119048,26.302699702380952,0.0153383763283332,80.0,32.6,99,15.338376328333199
2020-06-15 19:00:00,0.0,0.0,4135001.0,23.049438016666663,21.76602726666667,5.017568066666667e-06,2.0,31.7,98,0.005017568066666667
2020-06-15 20:00:00,0.0,0.0,4135001.0,23.362708494047617,22.209552420238097,0.0,0.0,30.8,97,0.0
2020-06-15 21:00:00,0.0,0.0,4135001.0,23.037701316666663,21.17317045,0.0,0.0,30.1,98,0.0
2020-06-15 22:00:00,0.0,0.0,4135001.0,23.300877503571428,22.095660177380957,0.0,0.0,29.3,97,0.0
2020-06-15 23:00:00,0.0,0.0,4135001.0,23.623521433333337,22.98429001666667,0.0,0.0,28.6,100,0.0
2020-06-16 00:00:00,0.0,0.0,4135001.0,22.819655816666668,21.48786568333333,0.0,0.0,28.0,100,0.0
2020-06-16 01:00:00,0.0,0.0,4135001.0,22.677045014285717,21.159931083333333,0.0,0.0,27.5,100,0.0
2020-06-16 02:00:00,0.0,0.0,4135001.0,22.599575816666665,21.715682966666662,0.0,0.0,27.2,99,0.0
2020-06-16 03:00:00,0.0,0.0,4135001.0,22.44809547857143,21.156207827380957,0.0,0.0,26.9,99,0.0
2020-06-16 04:00:00,0.0,0.0,4135001.0,22.5892745,21.692397616666668,0.0,0.0,26.6,100,0.0
2020-06-16 05:00:00,0.0,0.0,4135001.0,22.602972416666667,21.779056333333333,1.122602905e-05,0.0,26.9,100,0.011226029050000001
2020-06-16 06:00:00,1007.63124999675,10386.6875002425,4135001.0,22.712142269047614,22.528300682142856,0.0338722054270833,12.0,27.5,100,33.8722054270833
2020-06-16 07:00:00,5485.895089325,55950.73214175,4135001.0,23.44747873333333,27.176502,0.1833863181333333,89.0,28.3,100,183.3863181333333
2020-06-16 08:00:00,11403.921428575,116306.1071425,4135001.0,24.73534229047619,34.93801041309524,0.3733144428333333,216.0,29.3,100,373.3144428333333
2020-06-16 09:00:00,15462.96875,157928.45535675,4135001.0,25.88110145,39.42692155,0.5148283631666667,322.0,30.2,100,514.8283631666667
2020-06-16 10:00:00,21218.446875425,217117.94196525,4135001.0,27.19592757857143,47.33734603571429,0.7038898375119047,437.0,31.7,100,703.8898375119047
2020-06-16 11:00:00,18009.6062496,184149.79017825,4135001.0,27.977483183333337,47.303330116666665,0.6148964543333333,337.0,32.1,100,614.8964543333333
2020-06-16 12:00:00,12566.98169645,128304.06696475,4135001.0,27.883197851190477,41.74386970238095,0.4094992589999999,492.0,33.3,100,409.4992589999999
2020-06-16 13:00:00,14088.895089375,143867.74107075,4135001.0,28.181815616666665,42.46433366666667,0.4535981916666667,377.0,33.7,100,453.5981916666667
2020-06-16 14:00:00,15113.261607075,154432.19642599998,4135001.0,28.77689892142857,43.287313980952376,0.4946941069523809,546.0,34.2,100,494.69410695238093
2020-06-16 15:00:00,10940.11388895,111555.918651,4135001.0,28.1495707,38.320228033333336,0.3470823206666666,360.0,33.1,100,347.0823206666666
2020-06-16 16:00:00,7184.6205357,73231.258929,4135001.0,27.782330266666666,34.336136575,0.2361395766071428,336.0,33.5,100,236.1395766071428
2020-06-16 17:00:00,3301.30401781,33767.5892865,4135001.0,26.632721516666667,28.817044116666665,0.1093904310166666,147.0,33.4,100,109.3904310166666
2020-06-16 18:00:00,593.0232142787501,6126.83035714,4135001.0,25.51785120595238,24.724150036904764,0.0201786373740475,60.0,32.7,100,20.1786373740475
2020-06-16 19:00:00,0.0,0.0,4135001.0,24.601711483333336,22.94106293333333,0.0,2.0,31.9,100,0.0
2020-06-16 20:00:00,0.0,0.0,4135001.0,23.77577763333333,21.432883200000003,0.0,0.0,31.0,98,0.0
2020-06-16 21:00:00,0.0,0.0,4135001.0,23.438153320238097,21.46493974285714,0.0,0.0,30.3,98,0.0
2020-06-16 22:00:00,0.0,0.0,4135001.0,22.93637895,20.77158915,0.0,0.0,29.7,98,0.0
2020-06-16 23:00:00,0.0,0.0,4135001.0,22.93180405357143,21.328507840476192,0.0,0.0,29.1,99,0.0
2020-06-17 00:00:00,0.0,0.0,4135001.0,22.84661708333333,21.3537969,0.0,0.0,28.5,99,0.0
2020-06-17 01:00:00,0.0,0.0,4135001.0,22.70078012738095,21.291285702380957,0.0,0.0,28.0,99,0.0
2020-06-17 02:00:00,0.0,0.0,4135001.0,22.669676716666665,21.59547878333333,0.0,0.0,27.6,99,0.0
2020-06-17 03:00:00,0.0,0.0,4135001.0,22.807959297619043,22.40489265714286,0.0,0.0,27.2,100,0.0
2020-06-17 04:00:00,0.0,0.0,4135001.0,22.6337062,21.78957065,0.0,0.0,27.0,100,0.0
2020-06-17 05:00:00,0.0,0.0,4135001.0,22.1459081,21.3688746,0.0,0.0,27.2,99,0.0
2020-06-17 06:00:00,441.624107143,4548.339285715,4135001.0,22.100052728296703,21.637654995787543,0.0254972856516071,12.0,27.7,99,25.4972856516071
2020-06-17 07:00:00,5672.172767875,57797.16964325,4135001.0,22.88926995,27.37764788333333,0.1832724854833333,86.0,28.4,100,183.2724854833333
2020-06-17 08:00:00,8210.82812495,83552.62053625,4135001.0,24.123298365476188,31.94510546309524,0.2584396757380952,215.0,29.3,100,258.43967573809516
2020-06-17 09:00:00,12425.151339275,126797.4955355,4135001.0,25.1595343,35.887899166666664,0.3885344908333333,113.0,29.0,100,388.5344908333333
2020-06-17 10:00:00,14456.520089275,147595.07142875,4135001.0,26.073765203571423,39.44395437142857,0.4612407089166667,268.0,30.2,100,461.2407089166667
2020-06-17 11:00:00,18258.048214325,186699.638395,4135001.0,27.000588,41.90951625,0.611262627,350.0,31.6,100,611.262627
2020-06-17 12:00:00,24023.68973255,246067.8705415,4135001.0,28.7729528,51.18236736666668,0.8368484455,564.0,33.5,100,836.8484455
2020-06-17 13:00:00,18241.05714285,186492.8616075,4135001.0,28.77205324404762,43.960901871428575,0.587629486095238,432.0,33.9,100,587.629486095238
2020-06-17 14:00:00,15344.71026785,156749.5758925,4135001.0,28.689971966666665,42.2812987,0.4926753458333333,564.0,34.4,100,492.67534583333327
2020-06-17 15:00:00,4637.74910721,47399.97767825,4135001.0,26.42654375357143,31.00547588928571,0.140689634795238,238.0,32.4,100,140.689634795238
2020-06-17 16:00:00,5294.725,54000.4330355,4135001.0,24.0497446,27.60725191666667,0.1562737944499999,187.0,32.6,100,156.27379444999988
2020-06-17 17:00:00,2766.84794638,28397.772321875,4135001.0,24.210150170887445,26.24752226601732,0.0866563529958874,188.0,32.4,100,86.6563529958874
2020-06-17 18:00:00,543.57232143,5620.299107195,4135001.0,23.897948291666665,23.64455114047619,0.018107809765738,64.0,31.3,98,18.107809765738
2020-06-17 19:00:00,0.0,0.0,4135001.0,23.3677755,22.418034866666662,0.0,1.0,30.1,91,0.0
2020-06-17 20:00:00,0.0,0.0,4135001.0,22.918253675,21.024839270238097,0.0,0.0,29.6,94,0.0
2020-06-17 21:00:00,0.0,0.0,4135001.0,22.9815333,21.7355113,0.0,0.0,29.1,100,0.0
2020-06-17 22:00:00,0.0,0.0,4135001.0,22.27117868333333,21.060298116666665,0.0,0.0,28.9,100,0.0
2020-06-17 23:00:00,0.0,0.0,4135001.0,22.004218177380952,20.815292605952383,0.0,0.0,28.1,91,0.0
